{
  "3e620a4b-7973-4530-aa81-c5dc4d48dbb6": {
    "asset": 1651043971000,
    "meta": 1651889871676,
    "relativePath": "migration"
  },
  "78758015-617b-49c5-8969-bddd59dba329": {
    "asset": 1651043968000,
    "meta": 1651889871716,
    "relativePath": "migration\\use_v2.1-2.2.1_cc.Toggle_event.js"
  },
  "29f52784-2fca-467b-92e7-8fd9ef8c57b7": {
    "asset": 1653533989027,
    "meta": 1653660871145,
    "relativePath": "Scene"
  },
  "4734c20c-0db8-4eb2-92ea-e692f4d70934": {
    "asset": 1653534031790,
    "meta": 1653660871147,
    "relativePath": "Script"
  },
  "7b81d4e8-ec84-4716-968d-500ac1d78a54": {
    "asset": 1652758919023,
    "meta": 1652840233210,
    "relativePath": "Texture"
  },
  "2d2f792f-a40c-49bb-a189-ed176a246e49": {
    "asset": 1653533920693,
    "meta": 1653533920701,
    "relativePath": "Scene\\game.fire"
  },
  "a8027877-d8d6-4645-97a0-52d4a0123dba": {
    "asset": 1651043962000,
    "meta": 1651889871949,
    "relativePath": "Texture\\singleColor.png"
  },
  "6aa0aa6a-ebee-4155-a088-a687a6aadec4": {
    "asset": 1651043962000,
    "meta": 1651889871930,
    "relativePath": "Texture\\HelloWorld.png"
  },
  "f084d5e7-cf59-42ab-8721-ada3a7caf68a": {
    "asset": 1651045876000,
    "meta": 1651889871914,
    "relativePath": "Script\\Working.ts"
  },
  "3ed93e6d-b54e-47c7-b63e-9298bec11dc1": {
    "asset": 1651046769000,
    "meta": 1651889871826,
    "relativePath": "Scene\\Login.fire"
  },
  "ef763e6b-612f-49e6-88ef-ba9975c92f8b": {
    "asset": 1652509584110,
    "meta": 1652509584117,
    "relativePath": "Scene\\Loading.fire"
  },
  "806a5edf-ac3a-49ff-be77-ea9f8c253c76": {
    "asset": 1651050861000,
    "meta": 1651889871780,
    "relativePath": "Script\\Feedback.ts"
  },
  "cd064dbf-4d14-4c3c-94b9-3cab85f40a98": {
    "asset": 1651050886000,
    "meta": 1651889871807,
    "relativePath": "Script\\Gameover.ts"
  },
  "29a8eb0b-371e-4361-a51d-dc6fa487575a": {
    "asset": 1651050904000,
    "meta": 1651889871816,
    "relativePath": "Script\\Howtoplay.ts"
  },
  "d65e31db-0ff6-4fca-a671-2ff41df4bb9e": {
    "asset": 1651050945000,
    "meta": 1651889871825,
    "relativePath": "Script\\Loading.ts"
  },
  "1622c54d-8c1d-40cd-b088-a83e9ba09c8b": {
    "asset": 1651051739000,
    "meta": 1651889871835,
    "relativePath": "Script\\Login.ts"
  },
  "b394e260-5dfd-4091-b636-0fb034977421": {
    "asset": 1651052049000,
    "meta": 1651889871854,
    "relativePath": "Script\\Market.ts"
  },
  "55e1fa56-9e60-4e1c-ae89-64b5eab450ce": {
    "asset": 1651052080000,
    "meta": 1651889871873,
    "relativePath": "Script\\Rank.ts"
  },
  "50fd326a-c353-4a7b-9a76-d254175b0577": {
    "asset": 1651052089000,
    "meta": 1651889871880,
    "relativePath": "Script\\Settings.ts"
  },
  "913e0a97-6dab-47bb-bbf0-d3d4e2e8801b": {
    "asset": 1651052097000,
    "meta": 1651889871888,
    "relativePath": "Script\\Speeding.ts"
  },
  "36dd6472-c855-47f7-84ef-dfd5d3f35f6f": {
    "asset": 1651052127000,
    "meta": 1651889871906,
    "relativePath": "Script\\Wallet.ts"
  },
  "d3b41d2e-9b65-4198-a3da-c8699fa71b18": {
    "asset": 1651129676000,
    "meta": 1651889871898,
    "relativePath": "Script\\UImanager.ts"
  },
  "ada0687f-20f2-493f-95d7-cbbb49693763": {
    "asset": 1651201515000,
    "meta": 1651889871770,
    "relativePath": "Script\\Event.ts"
  },
  "120c9fc7-62e7-49ca-a54c-b0e9f62bf571": {
    "asset": 1651736402000,
    "meta": 1651889871845,
    "relativePath": "Script\\Lucky.ts"
  },
  "4dab251d-0ea5-42b3-a35e-63bd5bdfe2ae": {
    "asset": 1653533989826,
    "meta": 1653533989836,
    "relativePath": "Scene\\tiaozhan.fire"
  },
  "41fb35d5-e799-4b8c-b5d8-55d3cb04c7c0": {
    "asset": 1652601013200,
    "meta": 1652614480661,
    "relativePath": "Texture\\jiance"
  },
  "95a8333e-78a5-42c0-85d5-2becc8f78d47": {
    "asset": 1647482704000,
    "meta": 1651889871923,
    "relativePath": "Texture\\jiance\\hornsfour.png"
  },
  "43b91210-562b-4c0a-9fae-62544d4146e0": {
    "asset": 1647482704000,
    "meta": 1651889871932,
    "relativePath": "Texture\\jiance\\hornsone.png"
  },
  "b49176a0-006a-4b5d-a20b-25925b800c98": {
    "asset": 1647482704000,
    "meta": 1651889871941,
    "relativePath": "Texture\\jiance\\hornstwo.png"
  },
  "ac98c5f8-9c5a-4df5-9b9a-583870d9f0d0": {
    "asset": 1647482704000,
    "meta": 1651889871940,
    "relativePath": "Texture\\jiance\\hornsthree.png"
  },
  "d6b3cb6b-4bfc-457c-847b-32acded2e029": {
    "asset": 1652507843290,
    "meta": 1652507843300,
    "relativePath": "huxi.anim"
  },
  "3ff6a6ae-ee18-400c-9d0d-5e6afe673987": {
    "asset": 1652153916516,
    "meta": 1652153931183,
    "relativePath": "Script\\Touming.ts"
  },
  "b4bf9f39-960e-45c9-8526-657d6a9c17bf": {
    "asset": 1652153992824,
    "meta": 1652154010687,
    "relativePath": "Script\\tom.js"
  },
  "2fb2a89f-0168-4e5c-90d8-1598cbdf21fd": {
    "asset": 1652234059621,
    "meta": 1652234095427,
    "relativePath": "Texture\\img3.jpg"
  },
  "6220326a-f218-4f8c-860f-c6ef0eb4dc37": {
    "asset": 1652234059621,
    "meta": 1652234090460,
    "relativePath": "Texture\\img2.jpg"
  },
  "91a9bac5-87a1-4ee6-8d62-f3852959b13a": {
    "asset": 1652234059621,
    "meta": 1652234084797,
    "relativePath": "Texture\\img1.jpg"
  },
  "a68f9639-2f59-4f08-8c26-83fc0e8b1798": {
    "asset": 1652234073105,
    "meta": 1652234080683,
    "relativePath": "Texture\\img.jpg"
  },
  "dace5ea7-70f0-4bcc-bcb2-620610b583e3": {
    "asset": 1652236103945,
    "meta": 1652322999825,
    "relativePath": "Texture\\spine"
  },
  "b8988bf9-b477-4cf1-bdde-54c67cb10d8b": {
    "asset": 1652235500345,
    "meta": 1652235500386,
    "relativePath": "Texture\\spine\\nv.json"
  },
  "860fd4ba-15a5-439e-bb7d-2040bc6f78d2": {
    "asset": 1652235500346,
    "meta": 1652235500366,
    "relativePath": "Texture\\spine\\nv.atlas"
  },
  "9bce94d7-6a75-4eb9-91e6-608a4dd21da1": {
    "asset": 1652235500346,
    "meta": 1652235500378,
    "relativePath": "Texture\\spine\\nv.png"
  },
  "b7ec3e11-630d-4410-985d-09425a165c12": {
    "asset": 1652236103938,
    "meta": 1652236103980,
    "relativePath": "Texture\\spine\\nan.json"
  },
  "216af703-001e-43cb-b877-21367726d7c2": {
    "asset": 1652236103937,
    "meta": 1652236103961,
    "relativePath": "Texture\\spine\\nan.atlas"
  },
  "5751e6d2-456c-418f-9e16-b952852f41be": {
    "asset": 1652236103937,
    "meta": 1652236103972,
    "relativePath": "Texture\\spine\\nan.png"
  },
  "cffa94d2-7859-4dac-a1b1-002f1b0997ff": {
    "asset": 1652754321903,
    "meta": 1652754321907,
    "relativePath": "Scene\\jiesuan.fire"
  },
  "df1f0a4c-5cfc-46ba-88e1-2157035294b4": {
    "asset": 1652263480793,
    "meta": 1652263480822,
    "relativePath": "Texture\\6109474d16fecb169d1f0c0c74d3680.jpg"
  },
  "98ba5e9a-0a1c-44fd-8d83-22bff377dd44": {
    "asset": 1652435787390,
    "meta": 1652436077551,
    "relativePath": "Script\\qiehuan.js"
  },
  "4f8a4ce0-360b-4ee8-812d-31bf6becb434": {
    "asset": 1652499644193,
    "meta": 1652500512678,
    "relativePath": "Texture\\zhandou"
  },
  "7db038af-d51d-4045-96da-896ee9fc4c5c": {
    "asset": 1652499563110,
    "meta": 1652499563149,
    "relativePath": "Texture\\zhandou\\计数板.png"
  },
  "1368933e-bf2e-4bad-bb8e-6499f7783155": {
    "asset": 1652499563111,
    "meta": 1652499563154,
    "relativePath": "Texture\\zhandou\\切换底.png"
  },
  "b57a187a-700d-45a0-b86b-540a156860c1": {
    "asset": 1652499563111,
    "meta": 1652499563166,
    "relativePath": "Texture\\zhandou\\切换.png"
  },
  "65908efd-5632-47a2-8338-ae2b3236b0e8": {
    "asset": 1652499563111,
    "meta": 1652499640106,
    "relativePath": "Texture\\zhandou\\2.png"
  },
  "dae40665-7024-47db-a656-aefb4f2050c5": {
    "asset": 1652499563111,
    "meta": 1652499563185,
    "relativePath": "Texture\\zhandou\\扫描中.png"
  },
  "14a4dbe7-d2d5-4dd6-823a-440982b8c826": {
    "asset": 1652499563111,
    "meta": 1652499563202,
    "relativePath": "Texture\\zhandou\\完成扫描.png"
  },
  "8e3b2c29-5bb5-43ef-8b43-8a6a3f19697b": {
    "asset": 1652499563112,
    "meta": 1652499563209,
    "relativePath": "Texture\\zhandou\\人.png"
  },
  "5177072b-8935-4bd5-bd7c-cb17907f4c69": {
    "asset": 1652499563111,
    "meta": 1652499563222,
    "relativePath": "Texture\\zhandou\\按钮底.png"
  },
  "9a5fdd06-f0ae-407c-8436-7aa5ac38d385": {
    "asset": 1652499563112,
    "meta": 1652499563229,
    "relativePath": "Texture\\zhandou\\返回.png"
  },
  "0c76f834-c91f-46a8-a6ed-842a353649c3": {
    "asset": 1652499631921,
    "meta": 1652499644208,
    "relativePath": "Texture\\zhandou\\4.png"
  },
  "77d0a95c-60e2-4028-85f0-edaee14ce339": {
    "asset": 1652499631921,
    "meta": 1652499642476,
    "relativePath": "Texture\\zhandou\\3.png"
  },
  "819c8062-6ca8-4a79-a76f-916558b6eee9": {
    "asset": 1652499631921,
    "meta": 1652499636099,
    "relativePath": "Texture\\zhandou\\1.png"
  },
  "5ca5d1e2-a76d-4eee-b1e6-4afeaa04ef1d": {
    "asset": 1652500721832,
    "meta": 1652500721838,
    "relativePath": "fadein.anim"
  },
  "c1147219-eb7a-4304-b320-8979e184b97b": {
    "asset": 1652500656191,
    "meta": 1652500656199,
    "relativePath": "fadeout.anim"
  },
  "6f2571b1-ffed-43bb-abe6-8986d1040655": {
    "asset": 1652510537234,
    "meta": 1652513923528,
    "relativePath": "Texture\\main"
  },
  "123e202b-2c8c-41c8-a43e-0481310555cd": {
    "asset": 1652509600271,
    "meta": 1652509600337,
    "relativePath": "Texture\\main\\紫币底.png"
  },
  "29417a8f-657a-4d5a-ae09-e4d14bd82de8": {
    "asset": 1652509600272,
    "meta": 1652509600342,
    "relativePath": "Texture\\main\\紫币.png"
  },
  "77b19efe-1861-4226-9a14-2e61a183a887": {
    "asset": 1652509600272,
    "meta": 1652509600358,
    "relativePath": "Texture\\main\\按钮.png"
  },
  "3eda5cb8-bbc6-4904-acbd-3b1175b85a94": {
    "asset": 1652509600272,
    "meta": 1652509600368,
    "relativePath": "Texture\\main\\bg.png"
  },
  "62b53a66-c136-46fa-b8c7-ceecf3a91ca2": {
    "asset": 1652509600272,
    "meta": 1652509600383,
    "relativePath": "Texture\\main\\按钮3.png"
  },
  "dd422d46-97d5-4844-a119-595625cb8cd2": {
    "asset": 1652509600272,
    "meta": 1652509600391,
    "relativePath": "Texture\\main\\按钮1.png"
  },
  "4f2f404e-1766-4869-83f1-d71835936763": {
    "asset": 1652509600273,
    "meta": 1652509600402,
    "relativePath": "Texture\\main\\按钮2.png"
  },
  "bb624f81-222d-42ad-b8cc-ded842bae918": {
    "asset": 1652509600273,
    "meta": 1652509600410,
    "relativePath": "Texture\\main\\avx.png"
  },
  "46a835f6-0050-4cef-a8b6-a12522101183": {
    "asset": 1652509600273,
    "meta": 1652509600421,
    "relativePath": "Texture\\main\\按钮5.png"
  },
  "4d94d5b8-11bd-4546-a6de-5e5ec8df916a": {
    "asset": 1652509600273,
    "meta": 1652509600430,
    "relativePath": "Texture\\main\\按钮4.png"
  },
  "ef4d16dd-a860-4c04-9f4f-b8a3413c686d": {
    "asset": 1652509600273,
    "meta": 1652509600448,
    "relativePath": "Texture\\main\\按钮分割线.png"
  },
  "b4c3bb03-8729-4a4a-8e68-726ca4d8eaf4": {
    "asset": 1652509600273,
    "meta": 1652509600462,
    "relativePath": "Texture\\main\\按钮字.png"
  },
  "db74bb88-53eb-406d-980f-c71a3887ed8d": {
    "asset": 1652509600273,
    "meta": 1652509600475,
    "relativePath": "Texture\\main\\金币.png"
  },
  "7a0aa87f-5fe2-4e4d-9370-f67c7dc1bc37": {
    "asset": 1652509600273,
    "meta": 1652510134849,
    "relativePath": "Texture\\main\\钱包.png"
  },
  "5ff83d01-334d-43f8-949c-8176b46bfffc": {
    "asset": 1652509600273,
    "meta": 1652527321403,
    "relativePath": "Texture\\main\\上标头背景.png"
  },
  "ad53ad54-f31e-4221-90b7-48674f5d9330": {
    "asset": 1652509600273,
    "meta": 1652509600510,
    "relativePath": "Texture\\main\\头像框.png"
  },
  "a105ce68-10be-4884-a0b6-494c1a26c885": {
    "asset": 1652509600273,
    "meta": 1652539196936,
    "relativePath": "Texture\\main\\下标头背景.png"
  },
  "659de2d0-e082-47b6-8ff1-433a1ae05019": {
    "asset": 1652509600273,
    "meta": 1652509600526,
    "relativePath": "Texture\\main\\金币底.png"
  },
  "5f4a8a04-eef3-48b7-889c-91b8a9f58187": {
    "asset": 1652509600274,
    "meta": 1652509600546,
    "relativePath": "Texture\\main\\台子.png"
  },
  "318a6c67-26d0-465d-8580-fcdf9b13c9c5": {
    "asset": 1652509600274,
    "meta": 1652509600552,
    "relativePath": "Texture\\main\\主界面.jpg"
  },
  "90afb5e3-0f58-44d8-91ac-37e147e9d096": {
    "asset": 1652521144901,
    "meta": 1652527196307,
    "relativePath": "Texture\\font"
  },
  "fb0c36cd-17ae-4c1e-9797-41db920ec2ea": {
    "asset": 1652509886433,
    "meta": 1652509886483,
    "relativePath": "Texture\\font\\4.png"
  },
  "9811a7b2-9e03-49aa-a557-af056e6081fc": {
    "asset": 1652509886432,
    "meta": 1652509886487,
    "relativePath": "Texture\\font\\3.png"
  },
  "aaa814ed-77e8-467c-a684-08dc2f65a198": {
    "asset": 1652509886435,
    "meta": 1652509886506,
    "relativePath": "Texture\\font\\2.png"
  },
  "ba6729de-4645-48d7-998f-ad200834e9ae": {
    "asset": 1652509886435,
    "meta": 1652509886511,
    "relativePath": "Texture\\font\\5.png"
  },
  "05464755-a08e-4db8-818e-4c70be2bc81f": {
    "asset": 1652509886435,
    "meta": 1652509886527,
    "relativePath": "Texture\\font\\6.png"
  },
  "5e3baaf6-1d17-4941-957c-477e23b71a09": {
    "asset": 1652509886436,
    "meta": 1652509886531,
    "relativePath": "Texture\\font\\7.png"
  },
  "b4adc0e9-0977-4608-a750-c1e38c8046c9": {
    "asset": 1652509886436,
    "meta": 1652509886549,
    "relativePath": "Texture\\font\\8.png"
  },
  "67418011-0db6-4454-a16d-feead8484500": {
    "asset": 1652509886436,
    "meta": 1652509886554,
    "relativePath": "Texture\\font\\maohao.png"
  },
  "113b691c-d301-4f16-875f-68bcc55f5fd5": {
    "asset": 1652509886436,
    "meta": 1652511072060,
    "relativePath": "Texture\\font\\go.png"
  },
  "61e668f8-67f5-4ea5-820a-69b040c7f0cf": {
    "asset": 1652509886437,
    "meta": 1652509886574,
    "relativePath": "Texture\\font\\9.png"
  },
  "ddbaef5a-55cb-4209-8bed-202c0328c2da": {
    "asset": 1652509886437,
    "meta": 1652509886591,
    "relativePath": "Texture\\font\\暴击.png"
  },
  "481bb196-42e9-4954-9bc9-dcefb69e5514": {
    "asset": 1652509886437,
    "meta": 1652509886594,
    "relativePath": "Texture\\font\\1.png"
  },
  "62544b6f-4ded-4efa-a6ba-9abbcb7b13fb": {
    "asset": 1652509886437,
    "meta": 1652509886606,
    "relativePath": "Texture\\font\\0.png"
  },
  "eca7a4d1-5510-4ee5-b220-713ad03ccda5": {
    "asset": 1652510028425,
    "meta": 1652510044177,
    "relativePath": "Texture\\main\\avax.png"
  },
  "13856400-d812-481c-9c2d-4fe5021e34a1": {
    "asset": 1652510537228,
    "meta": 1652510537256,
    "relativePath": "Texture\\main\\头像2.png"
  },
  "070f493e-7337-4244-80de-b05b0e7bd54a": {
    "asset": 1652510537228,
    "meta": 1652510537259,
    "relativePath": "Texture\\main\\头像1.png"
  },
  "989ea22c-b390-47e2-82a6-dd38e48f4b9f": {
    "asset": 1652511097060,
    "meta": 1652511097068,
    "relativePath": "three.anim"
  },
  "49561bdc-481e-4da0-9c2c-6b9094218893": {
    "asset": 1652514672678,
    "meta": 1652527196310,
    "relativePath": "Texture\\jiesuan"
  },
  "f3024415-d4bb-42aa-90eb-eaca9fc12164": {
    "asset": 1652514672633,
    "meta": 1652514672695,
    "relativePath": "Texture\\jiesuan\\热量.png"
  },
  "a75f5538-0af8-42f6-b675-04a7e062208d": {
    "asset": 1652514672633,
    "meta": 1652514672699,
    "relativePath": "Texture\\jiesuan\\币.png"
  },
  "27aa29af-8957-4a50-b44d-e1e9947e9b96": {
    "asset": 1652514672634,
    "meta": 1652514672716,
    "relativePath": "Texture\\jiesuan\\星星.png"
  },
  "a98d960b-ced9-4413-9961-e0b6033be5e6": {
    "asset": 1652514672635,
    "meta": 1652514672719,
    "relativePath": "Texture\\jiesuan\\星星未获得.png"
  },
  "f12091af-4a25-4956-b696-8315f141a2e9": {
    "asset": 1652514672635,
    "meta": 1652514672736,
    "relativePath": "Texture\\jiesuan\\Amazing.png"
  },
  "f193fa89-8877-4f79-8a12-03bd54137ba5": {
    "asset": 1652514672635,
    "meta": 1652514672739,
    "relativePath": "Texture\\jiesuan\\Amazing1.png"
  },
  "d14ee80d-2490-4566-8789-2601e910dc3c": {
    "asset": 1652514672635,
    "meta": 1652514672756,
    "relativePath": "Texture\\jiesuan\\champion.png"
  },
  "de5beff4-07fd-4f3c-86b2-0c1c4ca065ad": {
    "asset": 1652514672635,
    "meta": 1652514672761,
    "relativePath": "Texture\\jiesuan\\champion1.png"
  },
  "44a775fd-88b4-4ee3-bd72-9029f0e5f05e": {
    "asset": 1652514672635,
    "meta": 1652514672778,
    "relativePath": "Texture\\jiesuan\\nice.png"
  },
  "316fad74-0a90-421b-84ec-d1e8d048f099": {
    "asset": 1652514672636,
    "meta": 1652514672782,
    "relativePath": "Texture\\jiesuan\\nice1.png"
  },
  "4a6e24ec-2982-43df-934c-790de3652421": {
    "asset": 1652514672635,
    "meta": 1652514672797,
    "relativePath": "Texture\\jiesuan\\Return.png"
  },
  "cb9f1fcb-189a-47e4-8112-7b558b765331": {
    "asset": 1652514672636,
    "meta": 1652514672800,
    "relativePath": "Texture\\jiesuan\\Share.png"
  },
  "d20a103e-2b85-4e20-8330-afbd525298ca": {
    "asset": 1652514672636,
    "meta": 1652514672818,
    "relativePath": "Texture\\jiesuan\\wow.png"
  },
  "6caae1fc-7635-4171-ac8d-9c423cdf7caa": {
    "asset": 1652514672636,
    "meta": 1652514672821,
    "relativePath": "Texture\\jiesuan\\wow1.png"
  },
  "fb2bf962-ec87-4024-bff9-0449da9ec2c0": {
    "asset": 1652514672636,
    "meta": 1652514672835,
    "relativePath": "Texture\\jiesuan\\按钮1.png"
  },
  "17e6c5c3-09e6-443e-b758-591188ca0d92": {
    "asset": 1652514672637,
    "meta": 1652514672852,
    "relativePath": "Texture\\jiesuan\\按钮2.png"
  },
  "859db1af-0cd3-4790-80ff-a68597a8c238": {
    "asset": 1652514672637,
    "meta": 1652514672856,
    "relativePath": "Texture\\jiesuan\\底板.png"
  },
  "98880ec8-88b8-45c7-9339-f690a7a075ff": {
    "asset": 1652514672637,
    "meta": 1652514672886,
    "relativePath": "Texture\\jiesuan\\背景墙.png"
  },
  "e6f99173-8ad0-467e-b89c-7612ef8d08c9": {
    "asset": 1652514672638,
    "meta": 1652514672890,
    "relativePath": "Texture\\jiesuan\\demo战斗结算.jpg"
  },
  "3209406a-726c-49d5-b637-47240cde6b8b": {
    "asset": 1652542657726,
    "meta": 1652542657733,
    "relativePath": "fadeinbaoji.anim"
  },
  "049ccf70-b8e5-44a4-a279-c9c736b7af3e": {
    "asset": 1652517473724,
    "meta": 1652517473744,
    "relativePath": "Texture\\jiance\\nan.atlas"
  },
  "f8bbfd07-bd16-450d-9ef0-5d2db2c23b50": {
    "asset": 1652517473727,
    "meta": 1652517473776,
    "relativePath": "Texture\\jiance\\nan.json"
  },
  "6e38d29e-1f2d-482b-bb9b-3b2ed18f636f": {
    "asset": 1652517473724,
    "meta": 1652517473766,
    "relativePath": "Texture\\jiance\\nan.png"
  },
  "19f26b44-b7dc-461e-834d-0ecac62ceccb": {
    "asset": 1652521144903,
    "meta": 1652521144956,
    "relativePath": "Texture\\font\\font.fnt"
  },
  "00d7edfc-cd15-41b9-9892-448d1bcd5d25": {
    "asset": 1652521144904,
    "meta": 1652521144953,
    "relativePath": "Texture\\font\\font_0.png"
  },
  "c2dd6dbc-54a0-4de1-be72-994c121cf1c8": {
    "asset": 1652698512112,
    "meta": 1652698512118,
    "relativePath": "baoji.anim"
  },
  "21542ece-02e9-4741-92e4-93b2eaecd713": {
    "asset": 1652528455578,
    "meta": 1652528455597,
    "relativePath": "Texture\\jiance\\nv.atlas"
  },
  "2566a479-a145-4832-9799-a0d32b6460e6": {
    "asset": 1652528455579,
    "meta": 1652528455634,
    "relativePath": "Texture\\jiance\\nv.json"
  },
  "53ab9640-27ae-4611-9cee-8e0c61ac54cf": {
    "asset": 1652528455578,
    "meta": 1652528455623,
    "relativePath": "Texture\\jiance\\nv.png"
  },
  "2bd46f4a-c091-4109-b230-4f60628cec17": {
    "asset": 1652541029484,
    "meta": 1652541029490,
    "relativePath": "tips.anim"
  },
  "167384fe-1cfb-4f47-ad24-5428427212bb": {
    "asset": 1652586417306,
    "meta": 1652586433277,
    "relativePath": "huxi12.anim"
  },
  "c05ac7e3-5665-4291-a4a9-055876e01c64": {
    "asset": 1653531085529,
    "meta": 1653660871144,
    "relativePath": "pre"
  },
  "fa6d1a4c-46f4-47c6-a046-4e277a8c6c07": {
    "asset": 1652604551861,
    "meta": 1652604551866,
    "relativePath": "pre\\addone.prefab"
  },
  "daf553c9-e817-420c-b65e-727f597960f8": {
    "asset": 1652603564377,
    "meta": 1652603564384,
    "relativePath": "addnoe.anim"
  },
  "b8233d03-d998-43f6-b556-f1df6356a82c": {
    "asset": 1652602914368,
    "meta": 1652602914377,
    "relativePath": "pre\\addtwo.prefab"
  },
  "13465c54-48a6-48b8-b8e7-f59f95092600": {
    "asset": 1652599401321,
    "meta": 1652599443786,
    "relativePath": "Texture\\jiance\\addtwo.png"
  },
  "7e91fb28-9cd1-4e10-a443-8fc4c77480f9": {
    "asset": 1652601013201,
    "meta": 1652601013246,
    "relativePath": "Texture\\jiance\\addone.png"
  },
  "9836134e-b892-4283-b6b2-78b5acf3ed45": {
    "asset": 1628424760796,
    "meta": 1652614480179,
    "relativePath": "effects"
  },
  "430eccbf-bf2c-4e6e-8c0c-884bbb487f32": {
    "asset": 1628424760794,
    "meta": 1652614480213,
    "relativePath": "effects\\__builtin-editor-gizmo-line.effect"
  },
  "6c5cf6e1-b044-4eac-9431-835644d57381": {
    "asset": 1628424760795,
    "meta": 1652614480241,
    "relativePath": "effects\\__builtin-editor-gizmo-unlit.effect"
  },
  "115286d1-2e10-49ee-aab4-341583f607e8": {
    "asset": 1628424760796,
    "meta": 1652614480276,
    "relativePath": "effects\\__builtin-editor-gizmo.effect"
  },
  "abc2cb62-7852-4525-a90d-d474487b88f2": {
    "asset": 1628424760791,
    "meta": 1652604768128,
    "relativePath": "effects\\builtin-phong.effect"
  },
  "e2f00085-c597-422d-9759-52c360279106": {
    "asset": 1628424760792,
    "meta": 1652604768202,
    "relativePath": "effects\\builtin-toon.effect"
  },
  "f8e6b000-5643-4b86-9080-aa680ce1f599": {
    "asset": 1628424760824,
    "meta": 1652604768203,
    "relativePath": "image"
  },
  "e851e89b-faa2-4484-bea6-5c01dd9f06e2": {
    "asset": 1628424760801,
    "meta": 1652604768234,
    "relativePath": "image\\default_btn_normal.png"
  },
  "71561142-4c83-4933-afca-cb7a17f67053": {
    "asset": 1628424760800,
    "meta": 1652604768254,
    "relativePath": "image\\default_btn_disabled.png"
  },
  "b43ff3c2-02bb-4874-81f7-f2dea6970f18": {
    "asset": 1628424760802,
    "meta": 1652604768256,
    "relativePath": "image\\default_btn_pressed.png"
  },
  "edd215b9-2796-4a05-aaf5-81f96c9281ce": {
    "asset": 1628424760803,
    "meta": 1652604768268,
    "relativePath": "image\\default_editbox_bg.png"
  },
  "d81ec8ad-247c-4e62-aa3c-d35c4193c7af": {
    "asset": 1628424760804,
    "meta": 1652604768271,
    "relativePath": "image\\default_panel.png"
  },
  "cfef78f1-c8df-49b7-8ed0-4c953ace2621": {
    "asset": 1628424760805,
    "meta": 1652604768284,
    "relativePath": "image\\default_progressbar.png"
  },
  "99170b0b-d210-46f1-b213-7d9e3f23098a": {
    "asset": 1628424760807,
    "meta": 1652604768286,
    "relativePath": "image\\default_progressbar_bg.png"
  },
  "567dcd80-8bf4-4535-8a5a-313f1caf078a": {
    "asset": 1628424760808,
    "meta": 1652604768299,
    "relativePath": "image\\default_radio_button_off.png"
  },
  "9d60001f-b5f4-4726-a629-2659e3ded0b8": {
    "asset": 1628424760809,
    "meta": 1652604768302,
    "relativePath": "image\\default_radio_button_on.png"
  },
  "4bab67cb-18e6-4099-b840-355f0473f890": {
    "asset": 1628424760813,
    "meta": 1652604768314,
    "relativePath": "image\\default_scrollbar_bg.png"
  },
  "617323dd-11f4-4dd3-8eec-0caf6b3b45b9": {
    "asset": 1628424760816,
    "meta": 1652604768316,
    "relativePath": "image\\default_scrollbar_vertical_bg.png"
  },
  "d6d3ca85-4681-47c1-b5dd-d036a9d39ea2": {
    "asset": 1628424760814,
    "meta": 1652604768327,
    "relativePath": "image\\default_scrollbar_vertical.png"
  },
  "0291c134-b3da-4098-b7b5-e397edbe947f": {
    "asset": 1628424760811,
    "meta": 1652604768329,
    "relativePath": "image\\default_scrollbar.png"
  },
  "0275e94c-56a7-410f-bd1a-fc7483f7d14a": {
    "asset": 1628424760819,
    "meta": 1652604768341,
    "relativePath": "image\\default_sprite_splash.png"
  },
  "6e056173-d285-473c-b206-40a7fff5386e": {
    "asset": 1628424760817,
    "meta": 1652604768343,
    "relativePath": "image\\default_sprite.png"
  },
  "73a0903d-d80e-4e3c-aa67-f999543c08f5": {
    "asset": 1628424760820,
    "meta": 1652604768356,
    "relativePath": "image\\default_toggle_checkmark.png"
  },
  "c25b9d50-c8fc-4d27-beeb-6e7c1f2e5c0f": {
    "asset": 1628424760822,
    "meta": 1652604768359,
    "relativePath": "image\\default_toggle_disabled.png"
  },
  "d29077ba-1627-4a72-9579-7b56a235340c": {
    "asset": 1628424760823,
    "meta": 1652604768372,
    "relativePath": "image\\default_toggle_normal.png"
  },
  "b181c1e4-0a72-4a91-bfb0-ae6f36ca60bd": {
    "asset": 1628424760824,
    "meta": 1652604768373,
    "relativePath": "image\\default_toggle_pressed.png"
  },
  "5c3eedba-6c41-4c0c-9ba7-d91f813cbd1c": {
    "asset": 1628424760827,
    "meta": 1652604768374,
    "relativePath": "materials"
  },
  "c4480a0a-6ac5-443f-8b40-361a14257fc8": {
    "asset": 1628424760827,
    "meta": 1652604768833,
    "relativePath": "materials\\builtin-phong.mtl"
  },
  "fc09f9bd-2cce-4605-b630-8145ef809ed6": {
    "asset": 1628424760833,
    "meta": 1652604768379,
    "relativePath": "misc"
  },
  "2be36297-9abb-4fee-8049-9ed5e271da8a": {
    "asset": 1628424760832,
    "meta": 1652604768385,
    "relativePath": "misc\\default_video.mp4"
  },
  "db019bf7-f71c-4111-98cf-918ea180cb48": {
    "asset": 1628424760850,
    "meta": 1652604768386,
    "relativePath": "model"
  },
  "e39e96e6-6f6e-413f-bcf1-ac7679bb648a": {
    "asset": 1628424760846,
    "meta": 1652604768386,
    "relativePath": "model\\prefab"
  },
  "a87cc147-01b2-43f8-8e42-a7ca90b0c757": {
    "asset": 1628424760836,
    "meta": 1652604768390,
    "relativePath": "model\\prefab\\box.prefab"
  },
  "fe1417b6-fe6b-46a4-ae7c-9fd331f33a2a": {
    "asset": 1628424760837,
    "meta": 1652604768393,
    "relativePath": "model\\prefab\\capsule.prefab"
  },
  "600301aa-3357-4a10-b086-84f011fa32ba": {
    "asset": 1628424760798,
    "meta": 1652604768395,
    "relativePath": "image\\default-particle.png"
  },
  "b5fc2cf2-7942-483d-be1f-bbeadc4714ad": {
    "asset": 1628424760839,
    "meta": 1652604768398,
    "relativePath": "model\\prefab\\cone.prefab"
  },
  "1c5e4038-953a-44c2-b620-0bbfc6170477": {
    "asset": 1628424760841,
    "meta": 1652604768401,
    "relativePath": "model\\prefab\\cylinder.prefab"
  },
  "3f376125-a699-40ca-ad05-04d662eaa1f2": {
    "asset": 1628424760842,
    "meta": 1652604768403,
    "relativePath": "model\\prefab\\plane.prefab"
  },
  "6c9ef10d-b479-420b-bfe6-39cdda6a8ae0": {
    "asset": 1628424760843,
    "meta": 1652604768406,
    "relativePath": "model\\prefab\\quad.prefab"
  },
  "2d9a4b85-b0ab-4c46-84c5-18f393ab2058": {
    "asset": 1628424760845,
    "meta": 1652604768408,
    "relativePath": "model\\prefab\\sphere.prefab"
  },
  "de510076-056b-484f-b94c-83bef217d0e1": {
    "asset": 1628424760846,
    "meta": 1652604768417,
    "relativePath": "model\\prefab\\torus.prefab"
  },
  "f6e6dd15-71d1-4ffe-ace7-24fd39942c05": {
    "asset": 1628424760855,
    "meta": 1652604768418,
    "relativePath": "obsolete"
  },
  "8a96b965-2dc0-4e03-aa90-3b79cb93b5b4": {
    "asset": 1628424760854,
    "meta": 1652604768429,
    "relativePath": "obsolete\\atom.png"
  },
  "f743d2b6-b7ea-4c14-a55b-547ed4d0a045": {
    "asset": 1628424760859,
    "meta": 1652604768430,
    "relativePath": "particle"
  },
  "b8223619-7e38-47c4-841f-9160c232495a": {
    "asset": 1628424760853,
    "meta": 1652604768849,
    "relativePath": "obsolete\\atom.plist"
  },
  "d0a82d39-bede-46c4-b698-c81ff0dedfff": {
    "asset": 1628424760858,
    "meta": 1652604768445,
    "relativePath": "particle\\atom.png"
  },
  "ae6c6c98-11e4-452f-8758-75f5c6a56e83": {
    "asset": 1628424760906,
    "meta": 1652604768446,
    "relativePath": "prefab"
  },
  "897ef7a1-4860-4f64-968d-f5924b18668a": {
    "asset": 1628424760861,
    "meta": 1652604768449,
    "relativePath": "prefab\\2d-camera.prefab"
  },
  "70d7cdb0-04cd-41bb-9480-c06a4785f386": {
    "asset": 1628424760863,
    "meta": 1652604768453,
    "relativePath": "prefab\\3d-camera.prefab"
  },
  "70bbeb73-6dc2-4ee4-8faf-76b3a0e34ec4": {
    "asset": 1628424760864,
    "meta": 1652604768458,
    "relativePath": "prefab\\3d-particle.prefab"
  },
  "b2687ac4-099e-403c-a192-ff477686f4f5": {
    "asset": 1628424760857,
    "meta": 1652604768852,
    "relativePath": "particle\\atom.plist"
  },
  "ed88f13d-fcad-4848-aa35-65a2cb973584": {
    "asset": 1628424760866,
    "meta": 1652604768461,
    "relativePath": "prefab\\3d-stage.prefab"
  },
  "972b9a4d-47ee-4c74-b5c3-61d8a69bc29f": {
    "asset": 1628424760867,
    "meta": 1652604768465,
    "relativePath": "prefab\\button.prefab"
  },
  "2c937608-2562-40ea-b264-7395df6f0cea": {
    "asset": 1628424760869,
    "meta": 1652604768469,
    "relativePath": "prefab\\canvas.prefab"
  },
  "61aeb05b-3b32-452b-8eed-2b76deeed554": {
    "asset": 1628424760870,
    "meta": 1652604768473,
    "relativePath": "prefab\\editbox.prefab"
  },
  "27756ebb-3d33-44b0-9b96-e858fadd4dd4": {
    "asset": 1628424760872,
    "meta": 1652604768476,
    "relativePath": "prefab\\label.prefab"
  },
  "785a442c-3ceb-45be-a46e-7317f625f3b9": {
    "asset": 1628424760873,
    "meta": 1652604768479,
    "relativePath": "prefab\\layout.prefab"
  },
  "a3ee0214-b432-4865-9666-4a3211814282": {
    "asset": 1628424760881,
    "meta": 1652604768480,
    "relativePath": "prefab\\light"
  },
  "61906da3-7003-4bda-9abc-5769c76faee4": {
    "asset": 1628424760876,
    "meta": 1652604768483,
    "relativePath": "prefab\\light\\ambient.prefab"
  },
  "ddb99b39-7004-47cd-9705-751905c43c46": {
    "asset": 1628424760878,
    "meta": 1652604768487,
    "relativePath": "prefab\\light\\directional.prefab"
  },
  "0cf30284-9073-46bc-9eba-e62b69dbbff3": {
    "asset": 1628424760879,
    "meta": 1652604768490,
    "relativePath": "prefab\\light\\point.prefab"
  },
  "f5331fd2-bf42-4ee3-a3fd-3e1657600eff": {
    "asset": 1628424760880,
    "meta": 1652604768494,
    "relativePath": "prefab\\light\\spot.prefab"
  },
  "ca8401fe-ad6e-41a8-bd46-8e3e4e9945be": {
    "asset": 1628424760882,
    "meta": 1652604768497,
    "relativePath": "prefab\\pageview.prefab"
  },
  "cd33edea-55f5-46c2-958d-357a01384a36": {
    "asset": 1628424760883,
    "meta": 1652604768502,
    "relativePath": "prefab\\particlesystem.prefab"
  },
  "5965ffac-69da-4b55-bcde-9225d0613c28": {
    "asset": 1628424760885,
    "meta": 1652604768512,
    "relativePath": "prefab\\progressBar.prefab"
  },
  "4a37dd57-78cd-4cec-aad4-f11a73d12b63": {
    "asset": 1628424760886,
    "meta": 1652604768522,
    "relativePath": "prefab\\richtext.prefab"
  },
  "32044bd2-481f-4cf1-a656-e2b2fb1594eb": {
    "asset": 1628424760887,
    "meta": 1652604768526,
    "relativePath": "prefab\\scrollview.prefab"
  },
  "0004d1cf-a0ad-47d8-ab17-34d3db9d35a3": {
    "asset": 1628424760889,
    "meta": 1652604768542,
    "relativePath": "prefab\\slider.prefab"
  },
  "1f55e3be-b89b-4b79-88de-47fd31018044": {
    "asset": 1628424760896,
    "meta": 1652604768545,
    "relativePath": "prefab\\sprite_splash.prefab"
  },
  "96083d03-c332-4a3f-9386-d03e2d19e8ee": {
    "asset": 1628424760891,
    "meta": 1652604768549,
    "relativePath": "prefab\\sprite.prefab"
  },
  "7de03a80-4457-438d-95a7-3e7cdffd6086": {
    "asset": 1628424760898,
    "meta": 1652604768552,
    "relativePath": "prefab\\tiledmap.prefab"
  },
  "0e42ba95-1fa1-46aa-b2cf-143cd1bcee2c": {
    "asset": 1628424760899,
    "meta": 1652604768560,
    "relativePath": "prefab\\tiledtile.prefab"
  },
  "0d784963-d024-4ea6-a7db-03be0ad63010": {
    "asset": 1628424760900,
    "meta": 1652604768564,
    "relativePath": "prefab\\toggle.prefab"
  },
  "bf0a434c-84dd-4a8e-a08a-7a36f180cc75": {
    "asset": 1628424760902,
    "meta": 1652604768570,
    "relativePath": "prefab\\toggleContainer.prefab"
  },
  "d1b8be49-b0a0-435c-83b7-552bed4bbe35": {
    "asset": 1628424760903,
    "meta": 1652604768573,
    "relativePath": "prefab\\toggleGroup.prefab"
  },
  "232d2782-c4bd-4bb4-9e01-909f03d6d3b9": {
    "asset": 1628424760905,
    "meta": 1652604768578,
    "relativePath": "prefab\\videoplayer.prefab"
  },
  "8c5001fd-07ee-4a4b-a8a0-63e15195e94d": {
    "asset": 1628424760906,
    "meta": 1652604768580,
    "relativePath": "prefab\\webview.prefab"
  },
  "d8afc78c-4eac-4a9f-83dd-67bc70344d33": {
    "asset": 1628424760926,
    "meta": 1652604768581,
    "relativePath": "resources"
  },
  "294c1663-4adf-4a1e-a795-53808011a38a": {
    "asset": 1628424760924,
    "meta": 1652604768583,
    "relativePath": "resources\\effects"
  },
  "30682f87-9f0d-4f17-8a44-72863791461b": {
    "asset": 1628424760910,
    "meta": 1652604768601,
    "relativePath": "resources\\effects\\builtin-2d-graphics.effect"
  },
  "144c3297-af63-49e8-b8ef-1cfa29b3be28": {
    "asset": 1628424760913,
    "meta": 1652604768615,
    "relativePath": "resources\\effects\\builtin-2d-gray-sprite.effect"
  },
  "f18742d7-56d2-4eb5-ae49-2d9d710b37c8": {
    "asset": 1628424760915,
    "meta": 1652604768627,
    "relativePath": "resources\\effects\\builtin-2d-label.effect"
  },
  "0e93aeaa-0b53-4e40-b8e0-6268b4e07bd7": {
    "asset": 1628424760917,
    "meta": 1652604768639,
    "relativePath": "resources\\effects\\builtin-2d-spine.effect"
  },
  "2874f8dd-416c-4440-81b7-555975426e93": {
    "asset": 1628424760918,
    "meta": 1652604768652,
    "relativePath": "resources\\effects\\builtin-2d-sprite.effect"
  },
  "829a282c-b049-4019-bd38-5ace8d8a6417": {
    "asset": 1628424760920,
    "meta": 1652604768736,
    "relativePath": "resources\\effects\\builtin-3d-particle.effect"
  },
  "2a7c0036-e0b3-4fe1-8998-89a54b8a2bec": {
    "asset": 1628424760921,
    "meta": 1652604768759,
    "relativePath": "resources\\effects\\builtin-3d-trail.effect"
  },
  "c0040c95-c57f-49cd-9cbc-12316b73d0d4": {
    "asset": 1628424760923,
    "meta": 1652604768768,
    "relativePath": "resources\\effects\\builtin-clear-stencil.effect"
  },
  "6d91e591-4ce0-465c-809f-610ec95019c6": {
    "asset": 1628424760924,
    "meta": 1652604768792,
    "relativePath": "resources\\effects\\builtin-unlit.effect"
  },
  "bbee2217-c261-49bd-a8ce-708d6bcc3500": {
    "asset": 1628424760944,
    "meta": 1652604768793,
    "relativePath": "resources\\materials"
  },
  "6f801092-0c37-4f30-89ef-c8d960825b36": {
    "asset": 1628424760927,
    "meta": 1652604768872,
    "relativePath": "resources\\materials\\builtin-2d-base.mtl"
  },
  "a153945d-2511-4c14-be7b-05d242f47d57": {
    "asset": 1628424760929,
    "meta": 1652604768873,
    "relativePath": "resources\\materials\\builtin-2d-graphics.mtl"
  },
  "3a7bb79f-32fd-422e-ada2-96f518fed422": {
    "asset": 1628424760931,
    "meta": 1652604768874,
    "relativePath": "resources\\materials\\builtin-2d-gray-sprite.mtl"
  },
  "e02d87d4-e599-4d16-8001-e14891ac6506": {
    "asset": 1628424760933,
    "meta": 1652604768875,
    "relativePath": "resources\\materials\\builtin-2d-label.mtl"
  },
  "7afd064b-113f-480e-b793-8817d19f63c3": {
    "asset": 1628424760934,
    "meta": 1652604768876,
    "relativePath": "resources\\materials\\builtin-2d-spine.mtl"
  },
  "eca5d2f2-8ef6-41c2-bbe6-f9c79d09c432": {
    "asset": 1628424760935,
    "meta": 1652604768878,
    "relativePath": "resources\\materials\\builtin-2d-sprite.mtl"
  },
  "432fa09c-cf03-4cff-a186-982604408a07": {
    "asset": 1628424760937,
    "meta": 1652604768879,
    "relativePath": "resources\\materials\\builtin-3d-particle.mtl"
  },
  "466d4f9b-e5f4-4ea8-85d5-3c6e9a65658a": {
    "asset": 1628424760938,
    "meta": 1652604768880,
    "relativePath": "resources\\materials\\builtin-3d-trail.mtl"
  },
  "cf7e0bb8-a81c-44a9-ad79-d28d43991032": {
    "asset": 1628424760941,
    "meta": 1652604768881,
    "relativePath": "resources\\materials\\builtin-clear-stencil.mtl"
  },
  "2a296057-247c-4a1c-bbeb-0548b6c98650": {
    "asset": 1628424760943,
    "meta": 1652604768882,
    "relativePath": "resources\\materials\\builtin-unlit.mtl"
  },
  "954fec8b-cd16-4bb9-a3b7-7719660e7558": {
    "asset": 1628424760849,
    "meta": 1652604768886,
    "relativePath": "model\\primitives.fbx"
  },
  "b1ef4daf-2ec9-4ed4-9800-9d9de0204a7e": {
    "asset": 1652666534560,
    "meta": 1652678606730,
    "relativePath": "resources\\audio"
  },
  "86181c07-0ab8-4f28-997d-7373dbe2f903": {
    "asset": 1652604862002,
    "meta": 1652604862696,
    "relativePath": "resources\\audio\\go.mp3"
  },
  "24d224e6-e6b2-45bd-9a60-cea5da2a5e75": {
    "asset": 1652604862001,
    "meta": 1652606468317,
    "relativePath": "resources\\audio\\champion.mp3"
  },
  "d41c3d9e-73e7-424c-b120-0a28b832185d": {
    "asset": 1652604862002,
    "meta": 1652606463922,
    "relativePath": "resources\\audio\\nice.mp3"
  },
  "4257b09c-50e3-4b46-8ad6-168219a06004": {
    "asset": 1652604862002,
    "meta": 1652604862710,
    "relativePath": "resources\\audio\\jiesuan.mp3"
  },
  "0a7a6004-5b7d-4dd8-b9e5-936ac5e0ede6": {
    "asset": 1652604862002,
    "meta": 1652604862716,
    "relativePath": "resources\\audio\\wow.mp3"
  },
  "b9a9c069-936c-478e-beab-c843daff6319": {
    "asset": 1652604862003,
    "meta": 1652604888786,
    "relativePath": "resources\\audio\\addtwo.mp3"
  },
  "edbc0b99-9ed9-46a1-96e1-eab69421734b": {
    "asset": 1652604862003,
    "meta": 1652604862727,
    "relativePath": "resources\\audio\\amazing.mp3"
  },
  "fb58cb10-fca6-4b65-91e2-962b163ea07f": {
    "asset": 1652604862004,
    "meta": 1652604885133,
    "relativePath": "resources\\audio\\addone.mp3"
  },
  "2d30958f-31d4-4313-bc3b-a501f676cb1e": {
    "asset": 1652604862005,
    "meta": 1652604862737,
    "relativePath": "resources\\audio\\zhujiemian.ogg"
  },
  "a5baa327-066f-4c85-9488-d82a353455bf": {
    "asset": 1652605444421,
    "meta": 1652605554305,
    "relativePath": "Script\\globa11l.js"
  },
  "cf107cd4-905d-48a5-a076-b8dca4589d3b": {
    "asset": 1652605835552,
    "meta": 1652614480658,
    "relativePath": "resources"
  },
  "f8d1b120-df70-45d9-a844-76c38e8e894e": {
    "asset": 1652606077699,
    "meta": 1652606086252,
    "relativePath": "Script\\jiance.ts"
  },
  "e68bec5e-1206-434e-94b9-337a72b102ab": {
    "asset": 1652606669736,
    "meta": 1652606670247,
    "relativePath": "Script\\audioManager.js"
  },
  "ef6a9b90-9918-4641-8df5-f2d3c7b2ad04": {
    "asset": 1652607005527,
    "meta": 1652607006081,
    "relativePath": "Script\\global.js"
  },
  "1f7b1afa-03b2-4ef2-9f01-6a019a90aabe": {
    "asset": 1652679576016,
    "meta": 1652752851559,
    "relativePath": "spine"
  },
  "b55ac8ae-29ef-4dcd-a796-0ba14828b324": {
    "asset": 1652666534551,
    "meta": 1652666535251,
    "relativePath": "resources\\audio\\zhandou.mp3"
  },
  "5f622540-7bf9-4d6d-b73a-cfb8a0745709": {
    "asset": 1652667408549,
    "meta": 1652667408597,
    "relativePath": "spine\\nv.atlas"
  },
  "119ddb92-1c4d-423b-a6e2-35c861e53707": {
    "asset": 1652667408552,
    "meta": 1652667408615,
    "relativePath": "spine\\nv.png"
  },
  "680dc7b4-426d-40db-b4f4-799dbaaa8128": {
    "asset": 1652667408550,
    "meta": 1652667408627,
    "relativePath": "spine\\nv.json"
  },
  "2ba9e745-3829-41a0-8409-703ddd411a76": {
    "asset": 1652668187199,
    "meta": 1652678606733,
    "relativePath": "spine\\nvts515"
  },
  "0dd1eecd-9a5a-419d-bf9b-fc192345c51d": {
    "asset": 1652668101149,
    "meta": 1652668101204,
    "relativePath": "spine\\nvts515\\nv.json"
  },
  "b4863df4-40b4-4356-ac00-13ee7419e401": {
    "asset": 1652668101149,
    "meta": 1652668101177,
    "relativePath": "spine\\nvts515\\nv.atlas"
  },
  "6bd397ef-2f71-4ab2-9588-9d28271ed2c4": {
    "asset": 1652668101149,
    "meta": 1652668101192,
    "relativePath": "spine\\nvts515\\nv.png"
  },
  "588861fd-7316-4689-9095-40a95dec1df2": {
    "asset": 1652668187188,
    "meta": 1652668187236,
    "relativePath": "spine\\nvts515\\nan.json"
  },
  "2bd04397-d104-454f-90ec-d1eaa02b4c72": {
    "asset": 1652668187189,
    "meta": 1652668187213,
    "relativePath": "spine\\nvts515\\nan.atlas"
  },
  "4c7d8d67-506f-4400-9915-fbe397f3c482": {
    "asset": 1652668187189,
    "meta": 1652668187227,
    "relativePath": "spine\\nvts515\\nan.png"
  },
  "cfeaf9dd-4990-460e-8c12-468ff0ca694e": {
    "asset": 1652668534563,
    "meta": 1652678606732,
    "relativePath": "spine\\newspine"
  },
  "27d5fbee-bf4a-43c3-90e0-2925950e34fa": {
    "asset": 1652668534573,
    "meta": 1652668534576,
    "relativePath": "spine\\newspine\\nvts515"
  },
  "2097343f-a141-4953-8deb-3082ca1ee2ff": {
    "asset": 1652668534561,
    "meta": 1652668534618,
    "relativePath": "spine\\newspine\\nvts515\\nv.json"
  },
  "0aa2dd66-5b35-491f-887c-4fbb0baa802b": {
    "asset": 1652668534560,
    "meta": 1652668534590,
    "relativePath": "spine\\newspine\\nvts515\\nv.atlas"
  },
  "4b9fe99b-521b-4868-9acb-fd6ac63ab2c2": {
    "asset": 1652668534561,
    "meta": 1652668534605,
    "relativePath": "spine\\newspine\\nvts515\\nv.png"
  },
  "afa7fd7f-4279-407d-8669-7d82c6a4c299": {
    "asset": 1652679576022,
    "meta": 1652679576024,
    "relativePath": "spine\\nvts"
  },
  "27293192-9278-496d-970a-cf763863b2db": {
    "asset": 1652679576013,
    "meta": 1652679576061,
    "relativePath": "spine\\nvts\\nv.json"
  },
  "46c393b2-4e7b-4dfb-9972-a7d13b11c294": {
    "asset": 1652679576013,
    "meta": 1652679576036,
    "relativePath": "spine\\nvts\\nv.atlas"
  },
  "8aa11877-2769-4ee6-843a-674550a48572": {
    "asset": 1652679576014,
    "meta": 1652679576049,
    "relativePath": "spine\\nvts\\nv.png"
  },
  "edbd32b2-3f48-401e-8595-3265bf70d963": {
    "asset": 1652684837309,
    "meta": 1652684838037,
    "relativePath": "Script\\jiesuan.ts"
  },
  "0a9a06ec-e209-41ff-84ef-b5874a3dd984": {
    "asset": 1652700703182,
    "meta": 1652752851561,
    "relativePath": "Texture\\baoji"
  },
  "5d608464-3731-4b8c-8266-2c6d8e66f595": {
    "asset": 1652700467606,
    "meta": 1652700522909,
    "relativePath": "Texture\\baoji\\nice.png"
  },
  "c26496ef-4f20-4409-b744-a3579c3b9677": {
    "asset": 1652700597132,
    "meta": 1652700733627,
    "relativePath": "Texture\\baoji\\wow.png"
  },
  "8e241df5-cc33-44b1-97d6-5e74e2e8b684": {
    "asset": 1652700703178,
    "meta": 1652700726041,
    "relativePath": "Texture\\baoji\\ama.png"
  },
  "7fcedb54-4376-4445-afd5-d59a60de6ad4": {
    "asset": 1652700691037,
    "meta": 1652700720343,
    "relativePath": "Texture\\baoji\\cha.png"
  },
  "bf5c747e-1b2e-420e-93ce-66e37e06202c": {
    "asset": 1652761111486,
    "meta": 1652761111491,
    "relativePath": "Scene\\Kaiping.fire"
  },
  "6f5e8355-262c-4aff-b779-e2305539ec10": {
    "asset": 1652756413407,
    "meta": 1652756413410,
    "relativePath": "za.anim"
  },
  "79a0ef1a-361a-4291-8603-3a448e865dd1": {
    "asset": 1652758545018,
    "meta": 1652758549446,
    "relativePath": "Texture\\taizi.png"
  },
  "79cbc368-8e23-4b52-b742-8cc07a043f43": {
    "asset": 1652758826614,
    "meta": 1652758838007,
    "relativePath": "Texture\\tz.png"
  },
  "af96f6c0-c97b-419b-9604-4eec835f712f": {
    "asset": 1652758919022,
    "meta": 1652758919033,
    "relativePath": "Texture\\FitR.png"
  },
  "2c66bd7a-673f-4cac-9606-15bc559abec1": {
    "asset": 1652759612337,
    "meta": 1652759614288,
    "relativePath": "Script\\kaiping.ts"
  },
  "3aaa506f-4485-4c1e-b625-88ed9f8f6427": {
    "asset": 1653530232738,
    "meta": 1653530233800,
    "relativePath": "Script\\Buttonview.ts"
  },
  "dc041909-4071-4543-a681-1963395f99f4": {
    "asset": 1653533913705,
    "meta": 1653533913713,
    "relativePath": "pre\\NFTpre.prefab"
  },
  "e1b90feb-a217-4493-849d-9a611900d683": {
    "asset": 1653532438148,
    "meta": 1653532836237,
    "relativePath": "Script\\Game.ts"
  },
  "443db5af-654f-4c2f-b633-27fef97e0a3a": {
    "asset": 1653532880885,
    "meta": 1653532882634,
    "relativePath": "Script\\NFT.ts"
  },
  "2d3be61c-edd1-445c-bcbf-45eb8258a179": {
    "asset": 1653536218467,
    "meta": 1653536218476,
    "relativePath": "Scene\\jiance.fire"
  },
  "25be11f8-729c-4f8b-850c-7dfb871e7c1c": {
    "asset": 1653533995870,
    "meta": 1653534008666,
    "relativePath": "Script\\jiancejs1.js"
  },
  "b8aa6ef3-17bf-41cf-8b8a-f1b8847745d2": {
    "asset": 1653535477838,
    "meta": 1653535482344,
    "relativePath": "Script\\zhandou.js"
  }
}