{"skeleton":{"hash":"FLC1t1hB5UAFaFW4ypjSB6rxxCg","spine":"3.8.99","x":-732.76,"y":-2.64,"width":1461.18,"height":617.07,"images":"./images/","audio":"E:/外包/跳绳/nan"},"bones":[{"name":"root"},{"name":"身体","parent":"root","x":-0.84,"y":243.9},{"name":"身体2","parent":"身体","length":59.59,"rotation":90.3,"x":-0.04,"y":19.75},{"name":"身体3","parent":"身体2","length":86.75,"rotation":-1.33,"x":59.9},{"name":"头","parent":"身体3","length":131.05,"rotation":0.48,"x":99.98,"y":2.73},{"name":"身体4","parent":"身体3","x":83.93,"y":0.31},{"name":"左臂","parent":"身体4","length":69.09,"rotation":151.4,"x":-20.96,"y":34.69,"scaleX":0.9437},{"name":"左臂2","parent":"左臂","length":50.77,"rotation":-18.72,"x":69.09},{"name":"左臂3","parent":"身体4","length":50.6,"rotation":109.42,"x":-102.1,"y":101.38,"color":"ff3f00ff"},{"name":"左腿","parent":"身体2","x":-9.37,"y":-0.84},{"name":"左腿3","parent":"左腿","length":70.91,"rotation":170.04,"x":-18.87,"y":18.19,"scaleX":1.0593},{"name":"左腿4","parent":"左腿3","length":93.82,"rotation":6.75,"x":70.94,"y":-0.55},{"name":"0333","parent":"root","x":-37.63,"y":62.56,"color":"ff3f00ff"},{"name":"左腿5","parent":"0333","length":47.49,"rotation":-93.54,"x":-0.08,"y":1.87},{"name":"左腿6","parent":"左腿5","x":26.51,"y":-14.52,"color":"abe323ff"},{"name":"左腿7","parent":"左腿5","x":19.5,"y":32.24},{"name":"图层 2","parent":"左臂3","length":40.45,"rotation":-17.91,"x":51.76,"y":-1.51},{"name":"图层 3","parent":"图层 2","length":310,"rotation":-0.18,"x":10.8,"y":1.05,"scaleX":0.8693},{"name":"图层 4","parent":"图层 3","length":342.19,"rotation":-0.1,"x":336.14,"y":0.97,"scaleX":0.8666},{"name":"target2","parent":"身体4","rotation":-88.97,"x":-128.02,"y":720.95,"color":"ff3f00ff"},{"name":"头2","parent":"头","x":160.97,"y":-0.6},{"name":"发右2","parent":"头2","length":97.45,"rotation":133.28,"x":-120.4,"y":51.44},{"name":"头3","parent":"头","x":160.97,"y":-0.6,"scaleY":-1},{"name":"发右3","parent":"头3","length":97.45,"rotation":133.28,"x":-120.4,"y":51.44},{"name":"身体5","parent":"身体3","x":83.93,"y":0.31,"scaleY":-1},{"name":"左臂4","parent":"身体5","length":69.09,"rotation":151.4,"x":-20.96,"y":34.69,"scaleX":0.9437},{"name":"左臂5","parent":"左臂4","length":50.77,"rotation":-18.72,"x":69.09},{"name":"左臂6","parent":"身体5","length":50.6,"rotation":109.42,"x":-102.4,"y":102.65,"color":"ff3f00ff"},{"name":"图层 5","parent":"左臂6","length":40.45,"rotation":-17.91,"x":51.76,"y":-1.51},{"name":"图层 6","parent":"图层 5","length":310,"rotation":-0.18,"x":10.27,"y":2.04,"scaleX":0.8693},{"name":"图层 7","parent":"图层 6","length":342.19,"rotation":-0.1,"x":337.39,"y":0.02,"scaleX":0.8666},{"name":"target3","parent":"身体5","rotation":-88.97,"x":-128.02,"y":720.95,"color":"ff3f00ff"},{"name":"左腿2","parent":"身体2","x":-9.37,"y":-0.84,"scaleY":-1},{"name":"左腿8","parent":"左腿2","length":70.91,"rotation":170.04,"x":-18.87,"y":18.19,"scaleX":1.0593},{"name":"左腿9","parent":"左腿8","length":93.82,"rotation":6.75,"x":70.94,"y":-0.55},{"name":"333","parent":"root","x":39.64,"y":62.97,"scaleX":-1,"color":"ff3f00ff"},{"name":"左腿10","parent":"333","length":47.49,"rotation":-93.54,"x":1.28,"y":7.67},{"name":"左腿11","parent":"左腿10","x":26.51,"y":-14.52,"color":"abe323ff"},{"name":"左腿12","parent":"左腿10","x":19.5,"y":32.24}],"slots":[{"name":"发右2","bone":"发右2","attachment":"发右"},{"name":"发右3","bone":"发右3","attachment":"发右"},{"name":"胳膊左","bone":"左臂","attachment":"胳膊左"},{"name":"胳膊左2","bone":"左臂4","attachment":"胳膊左"},{"name":"身体","bone":"身体","attachment":"身体"},{"name":"头","bone":"头","attachment":"头"},{"name":"腿左","bone":"左腿3","attachment":"腿左"},{"name":"腿左2","bone":"左腿8","attachment":"腿左"},{"name":"图层 2 拷贝","bone":"图层 2","attachment":"图层 2 拷贝"},{"name":"图层 2 拷贝2","bone":"图层 5","attachment":"图层 2 拷贝"}],"ik":[{"name":"02","order":1,"bones":["左臂","左臂2"],"target":"左臂3","bendPositive":false},{"name":"0333","order":2,"bones":["左腿3","左腿4"],"target":"0333"},{"name":"333","order":5,"bones":["左腿8","左腿9"],"target":"333"},{"name":"0405","order":3,"bones":["图层 6","图层 7"],"target":"target3","bendPositive":false},{"name":"target","bones":["图层 3","图层 4"],"target":"target2","bendPositive":false},{"name":"左臂6","order":4,"bones":["左臂4","左臂5"],"target":"左臂6","bendPositive":false}],"transform":[{"name":"左腿6","order":6,"bones":["左腿7"],"target":"左腿6","x":-0.83,"y":50.91,"rotateMix":0,"translateMix":-1,"scaleMix":0,"shearMix":0}],"skins":[{"name":"default","attachments":{"发右2":{"发右":{"x":41.45,"y":-3.27,"rotation":137.27,"width":100,"height":123}},"发右3":{"发右":{"x":41.45,"y":-3.27,"rotation":137.27,"width":100,"height":123}},"图层 2 拷贝":{"图层 2 拷贝":{"type":"mesh","uvs":[1,1,0.95,1,0.9,1,0.85,1,0.8,1,0.75,1,0.7,1,0.65,1,0.6,1,0.55,1,0.5,1,0.5,0,0.55,0,0.6,0,0.65,0,0.7,0,0.75,0,0.8,0,0.85,0,0.9,0,0.95,0,1,0],"triangles":[9,11,12,10,11,9,9,12,8,8,12,13,6,14,15,7,14,6,8,13,7,7,13,14,5,15,16,5,16,4,4,16,17,1,19,20,2,19,1,2,18,19,3,18,2,4,17,3,3,17,18,1,20,0,6,15,5,20,21,0],"vertices":[1,16,-2.86,7.43,1,1,17,35.55,6.33,1,2,17,112.95,6.48,0.92,18,-220.8,6.57,0.08,2,17,177.38,6.61,0.848,18,-145.89,6.71,0.152,2,17,241.82,6.74,0.80142,18,-71.08,6.84,0.19858,2,17,300.79,6.87,0.534,18,-2.65,6.91,0.466,2,17,364.74,7,0.52741,18,71.16,7.04,0.47259,2,17,424.49,7.17,0.41854,18,139.7,7.15,0.58146,3,17,485.52,7.3,0.18233,18,208.89,7.28,0.45057,19,101.03,-7.51,0.3671,3,17,549.02,7.41,0.05595,18,281.28,7.42,0.07849,19,46.23,-7.52,0.86556,1,19,-9.63,-7.52,1,1,19,-9.63,7.48,1,3,17,549.08,-7.6,0.05666,18,281.33,-7.58,0.0298,19,46.22,7.48,0.91354,3,17,485.65,-7.72,0.17766,18,209.06,-7.71,0.46058,19,100.94,7.5,0.36176,2,17,424.56,-7.84,0.39584,18,139.8,-7.85,0.60416,2,17,364.69,-7.98,0.48464,18,71.1,-7.98,0.51536,2,17,300.83,-8.11,0.622,18,-2.6,-8.12,0.378,2,17,241.91,-8.24,0.80291,18,-70.97,-8.25,0.19709,2,17,177.15,-8.37,0.84,18,-146.12,-8.39,0.16,2,17,112.73,-8.5,0.912,18,-221.01,-8.54,0.088,1,17,40.06,-8.65,1,1,16,-2.98,-7.57,1],"hull":22,"edges":[0,2,2,4,4,6,6,8,8,10,10,12,12,14,14,16,16,18,18,20,22,24,24,26,26,28,28,30,30,32,32,34,34,36,36,38,38,40,40,42,42,0,20,22],"width":1148,"height":15}},"图层 2 拷贝2":{"图层 2 拷贝":{"type":"mesh","uvs":[1,1,0.95,1,0.9,1,0.85,1,0.8,1,0.75,1,0.7,1,0.65,1,0.6,1,0.55,1,0.5,1,0.5,0,0.55,0,0.6,0,0.65,0,0.7,0,0.75,0,0.8,0,0.85,0,0.9,0,0.95,0,1,0],"triangles":[8,12,13,9,12,8,10,11,9,9,11,12,7,13,14,8,13,7,7,14,6,6,14,15,6,15,5,1,20,0,3,17,18,4,17,3,3,18,2,2,18,19,2,19,1,1,19,20,4,16,17,5,16,4,5,15,16,20,21,0],"vertices":[1,28,-2.86,7.42,1,1,29,35.84,5.84,1,2,29,113.35,5.68,0.928,30,-219.54,5.77,0.072,2,29,177.64,5.9,0.848,30,-144.47,6,0.152,2,29,241.94,6.13,0.80142,30,-69.58,6.24,0.19858,2,29,300.32,6.37,0.59,30,-1.62,6.42,0.41,2,29,364.11,6.6,0.37541,30,72,6.65,0.62459,2,29,423.47,6.86,0.33854,30,139.88,6.85,0.66146,3,29,484.9,7.17,0.16633,30,208.84,7.15,0.45938,31,101.25,-7.39,0.37428,3,29,548.91,7.39,0.05595,30,281.32,7.4,0.07849,31,46.25,-7.5,0.86556,1,31,-9.63,-7.52,1,1,31,-9.63,7.48,1,3,29,549.01,-7.61,0.05666,30,281.41,-7.6,0.0298,31,46.21,7.5,0.91354,3,29,485.04,-7.85,0.15366,30,209.04,-7.84,0.47403,31,101.15,7.62,0.37231,2,29,423.57,-8.15,0.27584,30,140.02,-8.14,0.72416,2,29,364.08,-8.38,0.34063,30,71.97,-8.38,0.65937,2,29,300.39,-8.6,0.718,30,-1.53,-8.63,0.282,2,29,242.06,-8.84,0.80291,30,-69.43,-8.89,0.19709,2,29,177.43,-9.07,0.84,30,-144.67,-9.15,0.16,2,29,113.15,-9.3,0.912,30,-219.72,-9.41,0.088,1,29,40.46,-9.26,1,1,28,-2.98,-7.58,1],"hull":22,"edges":[0,2,2,4,4,6,6,8,8,10,10,12,12,14,14,16,16,18,18,20,22,24,24,26,26,28,28,30,30,32,32,34,34,36,36,38,38,40,40,42,42,0,20,22],"width":1148,"height":15}},"头":{"头":{"x":92.37,"y":-0.71,"rotation":-89.45,"width":174,"height":197}},"胳膊左":{"胳膊左":{"type":"mesh","uvs":[0,0.93011,0.06877,0.94364,0.12799,0.99884,0.22273,1,0.3836,0.96343,0.45861,0.84575,0.53657,0.80098,0.6175,0.74266,0.75765,0.68538,0.85154,0.55011,0.92457,0.38661,0.9828,0.22624,1,0.14709,0.97688,0,0.87917,0,0.77555,0.05858,0.70646,0.15334,0.61863,0.28872,0.52882,0.38453,0.36597,0.39702,0.35216,0.61259,0.32452,0.61884,0.23076,0.60009,0.06299,0.62717,0,0.74172],"triangles":[1,0,24,22,24,23,22,1,24,1,3,2,4,21,5,21,3,22,1,22,3,21,4,3,7,18,8,7,20,18,20,19,18,7,6,20,5,20,6,5,21,20,12,14,13,14,11,15,12,11,14,11,16,15,10,16,11,17,16,10,9,17,10,18,17,9,8,18,9],"vertices":[1,8,58.12,9.37,1,1,8,48.94,14.69,1,1,8,42.79,25.09,1,2,7,89.16,22.64,5.0E-4,8,29.44,30.09,0.9995,2,7,65.64,31.63,0.13268,8,5.2,33.45,0.86731,2,7,46.71,23.59,0.65369,8,-10.16,21.59,0.34631,2,7,33.17,24.66,0.96097,8,-23,19.61,0.03903,2,6,95.47,15.06,0.04045,7,18.18,24.33,0.95955,2,6,76.72,28.38,0.49882,7,-4.32,29.07,0.50118,2,6,52.44,29.56,0.94109,7,-27.06,20.47,0.05891,1,6,26.5,25.82,1,1,6,2.18,20.44,1,1,6,-8.84,16.31,1,1,6,-24.69,1.61,1,1,6,-16.45,-10.86,1,1,6,-0.63,-19.42,1,1,6,16.66,-20.66,1,2,6,40.45,-21.06,0.96841,7,-17.88,-30.73,0.03159,2,6,59.61,-24.87,0.54637,7,1.22,-26.59,0.45363,2,6,74.85,-44.67,0.11887,7,23.09,-38.67,0.88113,3,6,102.1,-29.21,0.00444,7,41.91,-13.63,0.79386,8,-4.51,-14.96,0.20169,3,6,105.19,-32.24,6.6E-4,7,45.95,-15.18,0.49275,8,-0.35,-15.54,0.50659,2,7,56.49,-25.28,0.0436,8,12.15,-22.84,0.9564,1,8,36.98,-27.82,1,1,8,50.52,-15.76,1],"hull":25,"edges":[0,2,2,4,4,6,6,8,8,10,10,12,12,14,14,16,16,18,18,20,20,22,22,24,24,26,26,28,28,30,30,32,32,34,34,36,36,38,38,40,40,42,42,44,44,46,46,48,0,48],"width":153,"height":145}},"胳膊左2":{"胳膊左":{"type":"mesh","uvs":[0,0.93011,0.06877,0.94364,0.12799,0.99884,0.22273,1,0.3836,0.96343,0.45861,0.84575,0.53657,0.80098,0.6175,0.74266,0.75765,0.68538,0.85154,0.55011,0.92457,0.38661,0.9828,0.22624,1,0.14709,0.97688,0,0.87917,0,0.77555,0.05858,0.70646,0.15334,0.61863,0.28872,0.52882,0.38453,0.36597,0.39702,0.35216,0.61259,0.32452,0.61884,0.23076,0.60009,0.06299,0.62717,0,0.74172],"triangles":[1,0,24,22,24,23,22,1,24,1,3,2,4,21,5,21,3,22,1,22,3,21,4,3,7,18,8,7,20,18,20,19,18,7,6,20,5,20,6,5,21,20,12,14,13,14,11,15,12,11,14,11,16,15,10,16,11,17,16,10,9,17,10,18,17,9,8,18,9],"vertices":[1,27,58.12,9.37,1,1,27,48.94,14.69,1,1,27,42.79,25.09,1,2,26,89.16,22.64,5.0E-4,27,29.44,30.09,0.9995,2,26,65.64,31.63,0.13268,27,5.2,33.45,0.86731,2,26,46.71,23.59,0.65369,27,-10.16,21.59,0.34631,2,26,33.17,24.66,0.96097,27,-23,19.61,0.03903,2,25,95.47,15.06,0.04045,26,18.18,24.33,0.95955,2,25,76.72,28.38,0.49882,26,-4.32,29.07,0.50118,2,25,52.44,29.56,0.94109,26,-27.06,20.47,0.05891,1,25,26.5,25.82,1,1,25,2.18,20.44,1,1,25,-8.84,16.31,1,1,25,-24.69,1.61,1,1,25,-16.45,-10.86,1,1,25,-0.63,-19.42,1,1,25,16.66,-20.66,1,2,25,40.45,-21.06,0.96841,26,-17.88,-30.73,0.03159,2,25,59.61,-24.87,0.54637,26,1.22,-26.59,0.45363,2,25,74.85,-44.67,0.11887,26,23.09,-38.67,0.88113,3,25,102.1,-29.21,0.00444,26,41.91,-13.63,0.79386,27,-4.51,-14.96,0.20169,3,25,105.19,-32.24,6.6E-4,26,45.95,-15.18,0.49275,27,-0.35,-15.54,0.50659,2,26,56.49,-25.28,0.0436,27,12.15,-22.84,0.9564,1,27,36.98,-27.82,1,1,27,50.52,-15.76,1],"hull":25,"edges":[0,2,2,4,4,6,6,8,8,10,10,12,12,14,14,16,16,18,18,20,20,22,22,24,24,26,26,28,28,30,30,32,32,34,34,36,36,38,38,40,40,42,42,44,44,46,46,48,0,48],"width":153,"height":145}},"腿左":{"腿左":{"type":"mesh","uvs":[0.00289,0.97797,0.11097,1,0.29875,1,0.55297,1,0.78697,0.99924,0.93719,0.95097,0.91697,0.86506,0.89386,0.76933,0.82741,0.71942,0.86497,0.64415,0.93141,0.56094,0.86497,0.47094,0.95163,0.35312,1,0.2394,1,0.12894,0.84763,0.02258,0.57608,0,0.33919,0,0.26986,0.08231,0.21208,0.21649,0.23519,0.35803,0.26697,0.46603,0.17741,0.59367,0.34786,0.6714,0.39697,0.73112,0.30452,0.75158,0.27275,0.81949,0.03338,0.84835,0,0.91626,0.32331,0.8662,0.28486,0.84209,0.12606,0.87293,0.08063,0.92196,0.16464,0.95346,0.3353,0.95665,0.50982,0.9572,0.70175,0.94715,0.75961,0.90738,0.74184,0.86098,0.51708,0.8443,0.56354,0.76828,0.56018,0.44496,0.73503,0.18239],"triangles":[42,18,16,42,15,14,42,16,15,18,17,16,42,14,13,33,32,29,32,28,31,2,34,35,3,36,4,3,2,35,28,27,31,27,26,30,39,30,40,40,8,7,40,25,24,4,36,5,36,37,5,37,6,5,37,39,38,37,38,6,38,7,6,39,40,38,38,40,7,25,40,26,40,24,8,39,37,35,40,30,26,0,28,32,1,0,33,1,33,2,3,35,36,37,36,35,39,35,29,2,33,34,35,34,29,0,32,33,33,29,34,29,30,39,31,30,29,31,27,30,29,32,31,24,23,8,8,23,9,10,23,22,9,23,10,41,10,22,41,22,21,11,10,41,11,41,12,21,20,41,41,20,12,20,42,12,42,19,18,42,20,19,12,42,13],"vertices":[1,15,49.49,-67.03,1,2,14,42.32,-15.32,0.016,15,55.5,-57.94,0.984,2,14,41.2,-0.11,0.048,15,54.38,-42.73,0.952,1,15,52.87,-22.15,1,1,15,51.25,-3.21,1,1,15,35.78,8.22,1,1,15,9.97,5.26,1,2,11,91.13,30.05,0.47508,15,-18.79,1.93,0.52492,2,11,77.06,24.16,0.8443,15,-33.47,-4.22,0.1557,2,11,55.43,26.43,0.99375,15,-56.41,-2.33,0.00625,2,10,96.85,35.74,0.0018,11,31.46,30.96,0.9982,2,10,72.71,25.3,0.35568,11,5.93,24.66,0.64432,2,10,38.29,25.41,0.99959,11,-28,30.47,4.1E-4,1,9,-29.39,-2.81,1,1,9,3.99,-3.36,1,1,9,36.06,8.49,1,1,9,42.74,30.43,1,2,10,-50.69,-43.45,0.008,9,42.62,49.66,0.992,2,10,-26.51,-44.23,0.656,9,17.71,55.7,0.344,1,10,12.03,-41.11,1,2,10,51.31,-31.16,0.98014,11,-24.52,-27.48,0.01986,2,10,81.05,-22.44,0.22588,11,6.26,-23.8,0.77412,1,11,43,-29.74,1,1,11,64.72,-15.15,1,3,11,81.65,-10.56,0.21327,14,-40.56,3.72,0.00273,15,-27.37,-38.9,0.784,1,15,-20.65,-46.07,1,2,14,-13.14,-4.98,0.224,15,0.04,-47.6,0.776,2,14,-3,-23.93,0.176,15,10.18,-66.55,0.824,2,14,17.7,-25.59,0.208,15,30.88,-68.21,0.792,2,14,0.66,-0.17,0.712,15,13.85,-42.79,0.288,2,14,-6.39,-3.66,0.192,15,6.79,-46.28,0.808,2,14,3.87,-16.04,0.24,15,17.05,-58.66,0.76,2,14,18.94,-18.97,0.368,15,32.12,-61.59,0.632,2,14,27.95,-11.69,0.232,15,41.13,-54.31,0.768,2,14,27.9,2.18,0.264,15,41.08,-40.44,0.736,2,14,27.02,16.32,0.248,15,40.21,-26.3,0.752,2,14,22.85,31.71,0.232,15,36.03,-10.91,0.768,2,14,10.5,35.79,0.16,15,23.68,-6.83,0.84,2,14,-3.4,33.64,0.216,15,9.78,-8.98,0.784,2,14,-7.1,15.18,0.336,15,6.08,-27.44,0.664,1,15,-17.15,-24.84,1,2,10,70.39,-0.38,0.59591,11,-0.61,-0.28,0.40409,2,10,-6.02,-1.57,0.82175,9,-12.3,18.42,0.17825],"hull":29,"edges":[0,2,2,4,4,6,6,8,8,10,10,12,12,14,14,16,16,18,18,20,20,22,22,24,24,26,26,28,28,30,30,32,32,34,34,36,36,38,38,40,40,42,42,44,44,46,46,48,48,50,50,52,52,54,54,56,0,56],"width":81,"height":286}},"腿左2":{"腿左":{"type":"mesh","uvs":[0.00289,0.97797,0.11097,1,0.29875,1,0.55297,1,0.78697,0.99924,0.93719,0.95097,0.91697,0.86506,0.89386,0.76933,0.82741,0.71942,0.86497,0.64415,0.93141,0.56094,0.86497,0.47094,0.95163,0.35312,1,0.2394,1,0.12894,0.84763,0.02258,0.57608,0,0.33919,0,0.26986,0.08231,0.21208,0.21649,0.23519,0.35803,0.26697,0.46603,0.17741,0.59367,0.34786,0.6714,0.39697,0.73112,0.30452,0.75158,0.27275,0.81949,0.03338,0.84835,0,0.91626,0.32331,0.8662,0.28486,0.84209,0.12606,0.87293,0.08063,0.92196,0.16464,0.95346,0.3353,0.95665,0.50982,0.9572,0.70175,0.94715,0.75961,0.90738,0.74184,0.86098,0.51708,0.8443,0.56354,0.76828,0.56018,0.44496,0.73503,0.18239],"triangles":[42,18,16,42,15,14,42,16,15,18,17,16,42,14,13,29,32,31,32,28,31,2,34,35,3,36,4,3,2,35,28,27,31,27,26,30,39,30,40,40,8,7,40,25,24,4,36,5,36,37,5,37,6,5,37,39,38,37,38,6,38,7,6,39,40,38,38,40,7,25,40,26,40,24,8,39,37,35,40,30,26,0,28,32,1,0,33,1,33,2,3,35,36,37,36,35,39,35,29,2,33,34,35,34,29,0,32,33,33,29,34,33,32,29,29,30,39,31,30,29,31,27,30,24,23,8,8,23,9,10,23,22,9,23,10,41,10,22,41,22,21,11,10,41,11,41,12,21,20,41,41,20,12,20,42,12,42,19,18,42,20,19,12,42,13],"vertices":[1,38,49.49,-67.03,1,1,38,55.5,-57.94,1,1,38,54.38,-42.73,1,1,38,52.87,-22.15,1,1,38,51.25,-3.21,1,1,38,35.78,8.22,1,1,38,9.97,5.26,1,2,34,91.13,30.05,0.47508,38,-18.79,1.93,0.52492,2,34,77.06,24.16,0.8443,38,-33.47,-4.22,0.1557,2,34,55.43,26.43,0.99375,38,-56.41,-2.33,0.00625,2,33,96.85,35.74,0.0018,34,31.46,30.96,0.9982,2,33,72.71,25.3,0.35568,34,5.93,24.66,0.64432,2,33,38.29,25.41,0.99959,34,-28,30.47,4.1E-4,1,32,-29.39,-2.81,1,1,32,3.99,-3.36,1,1,32,36.06,8.49,1,1,32,42.74,30.43,1,2,33,-50.69,-43.45,0.008,32,42.62,49.66,0.992,2,33,-26.51,-44.23,0.656,32,17.71,55.7,0.344,1,33,12.03,-41.11,1,2,33,51.31,-31.16,0.98014,34,-24.52,-27.48,0.01986,2,33,81.05,-22.44,0.22588,34,6.26,-23.8,0.77412,1,34,43,-29.74,1,1,34,64.72,-15.15,1,3,34,81.65,-10.56,0.21327,37,-40.56,3.72,0.00273,38,-27.37,-38.9,0.784,1,38,-20.65,-46.07,1,2,37,-13.14,-4.98,0.16,38,0.04,-47.6,0.84,2,37,-3,-23.93,0.288,38,10.18,-66.55,0.712,2,37,17.7,-25.59,0.192,38,30.88,-68.21,0.808,2,37,0.66,-0.17,0.592,38,13.85,-42.79,0.408,2,37,-6.39,-3.66,0.216,38,6.79,-46.28,0.784,2,37,3.87,-16.04,0.368,38,17.05,-58.66,0.632,2,37,18.94,-18.97,0.432,38,32.12,-61.59,0.568,2,37,27.95,-11.69,0.44,38,41.13,-54.31,0.56,2,37,27.9,2.18,0.344,38,41.08,-40.44,0.656,2,37,27.02,16.32,0.312,38,40.21,-26.3,0.688,2,37,22.85,31.71,0.304,38,36.03,-10.91,0.696,2,37,10.5,35.79,0.336,38,23.68,-6.83,0.664,2,37,-3.4,33.64,0.216,38,9.78,-8.98,0.784,2,37,-7.1,15.18,0.288,38,6.08,-27.44,0.712,1,38,-17.15,-24.84,1,2,33,70.39,-0.38,0.59591,34,-0.61,-0.28,0.40409,2,33,-6.02,-1.57,0.82175,32,-12.3,18.42,0.17825],"hull":29,"edges":[0,2,2,4,4,6,6,8,8,10,10,12,12,14,14,16,16,18,18,20,20,22,22,24,24,26,26,28,28,30,30,32,32,34,34,36,36,38,38,40,40,42,42,44,44,46,46,48,48,50,50,52,52,54,54,56,0,56],"width":81,"height":286}},"身体":{"身体":{"type":"mesh","uvs":[0.00381,0.78144,0.15981,0.87126,0.38581,0.99036,0.48581,1,0.62181,0.98646,0.79581,0.88395,1,0.77851,0.93781,0.61937,0.85181,0.52272,0.78781,0.44071,0.83581,0.35967,0.89781,0.28645,0.85181,0.20639,0.83581,0.09998,0.74781,0.0414,0.62781,0.0082,0.48381,0,0.33581,0.01797,0.16981,0.06581,0.11181,0.14586,0.10781,0.22885,0.11181,0.34112,0.16381,0.39384,0.18181,0.45633,0.09781,0.53638,0.02381,0.63011,0.47181,0.84392,0.46781,0.52076,0.46581,0.20835],"triangles":[28,9,27,27,23,22,10,9,28,28,27,22,22,21,28,11,28,12,11,10,28,21,20,28,20,19,28,19,18,28,18,17,28,28,13,12,28,14,13,28,15,14,28,16,15,28,17,16,27,25,24,27,24,23,26,25,27,7,27,8,7,26,27,27,9,8,26,7,6,5,26,6,26,0,25,4,3,26,3,2,26,2,1,26,4,26,5,1,0,26],"vertices":[1,1,-48.44,22.74,1,1,1,-32.37,3.78,1,2,1,-9.09,-21.35,0.99963,2,-41.05,9.27,3.7E-4,1,1,1.21,-23.38,1,2,1,15.21,-20.52,0.98677,2,-40.35,-15.04,0.01323,1,1,33.14,1.11,1,1,1,54.17,23.35,1,3,1,47.76,56.93,0.00793,2,36.93,-48,0.95235,3,-21.85,-48.52,0.03973,2,2,57.37,-39.25,0.70241,3,-1.62,-39.29,0.29759,2,2,74.71,-32.74,0.21552,3,15.56,-32.39,0.78448,2,2,91.78,-37.78,0.01623,3,32.75,-37.03,0.98377,1,3,48.31,-43.13,1,1,3,65.11,-38.09,1,1,3,87.54,-36.04,1,1,3,99.73,-26.76,1,1,3,106.51,-14.27,1,1,3,107.97,0.59,1,1,3,103.91,15.76,1,1,3,93.51,32.68,1,1,3,76.51,38.35,1,1,3,59,38.44,1,2,2,96.09,36.77,0.00198,3,35.32,37.6,0.99802,2,2,84.94,31.47,0.04125,3,24.29,32.05,0.95875,2,2,71.74,29.69,0.27928,3,11.15,29.96,0.72072,2,2,54.9,38.43,0.7828,3,-5.9,38.31,0.2172,3,1,-46.38,54.67,0.00515,2,35.16,46.16,0.97018,3,-25.81,45.57,0.02467,2,1,-0.24,9.55,0.49795,2,-10.19,0.25,0.50205,2,2,57.99,0.3,0.91208,3,-1.92,0.26,0.08792,1,3,63.99,1.65,1],"hull":26,"edges":[0,2,2,4,4,6,6,8,8,10,10,12,12,14,14,16,16,18,18,20,20,22,22,24,24,26,26,28,28,30,30,32,32,34,34,36,36,38,38,40,40,42,42,44,44,46,46,48,48,50,0,50],"width":103,"height":211}}}}],"animations":{"animation":{"bones":{"身体":{"translate":[{"y":-12.22},{"time":0.1,"y":-26.93},{"time":0.1667,"y":3.43},{"time":0.2667,"y":43.84},{"time":0.4,"y":15.8},{"time":0.5,"y":-12.22},{"time":0.6,"y":-26.93},{"time":0.6667,"y":3.43},{"time":0.7667,"y":43.84},{"time":0.9,"y":15.8},{"time":1,"y":-12.22}],"scale":[{"x":1.029,"y":0.942},{"time":0.2667,"y":1.051},{"time":0.5,"x":1.029,"y":0.942},{"time":0.7667,"y":1.051},{"time":1,"x":1.029,"y":0.942}]},"身体3":{"translate":[{},{"time":0.1,"x":-18.73,"y":0.1},{"time":0.1667,"x":0.55},{"time":0.2667,"x":6.94,"y":-0.04},{"time":0.4,"x":0.55},{"time":0.5},{"time":0.6,"x":-18.73,"y":0.1},{"time":0.6667,"x":0.55},{"time":0.7667,"x":6.94,"y":-0.04},{"time":0.9,"x":0.55},{"time":1}]},"左臂":{"rotate":[{},{"time":0.1,"angle":-44.14},{"time":0.1667,"angle":-12.21,"curve":"stepped"},{"time":0.4,"angle":-12.21},{"time":0.5},{"time":0.6,"angle":-44.14},{"time":0.6667,"angle":-12.21,"curve":"stepped"},{"time":0.9,"angle":-12.21},{"time":1}]},"左臂2":{"rotate":[{},{"time":0.1,"angle":-24.79},{"time":0.1667,"angle":-1.3,"curve":"stepped"},{"time":0.4,"angle":-1.3},{"time":0.5},{"time":0.6,"angle":-24.79},{"time":0.6667,"angle":-1.3,"curve":"stepped"},{"time":0.9,"angle":-1.3},{"time":1}]},"左臂3":{"rotate":[{"angle":-37.64},{"time":0.2667,"angle":9.34},{"time":0.5,"angle":-37.64},{"time":0.7667,"angle":9.34},{"time":1,"angle":-37.64}],"translate":[{"x":97.04,"y":41.12},{"time":0.2667,"x":18.04,"y":19.09},{"time":0.5,"x":97.04,"y":41.12},{"time":0.7667,"x":18.04,"y":19.09},{"time":1,"x":97.04,"y":41.12}]},"左腿3":{"rotate":[{},{"time":0.1,"angle":-18.62},{"time":0.1667,"angle":-4.69,"curve":"stepped"},{"time":0.4,"angle":-4.69},{"time":0.5},{"time":0.6,"angle":-18.62},{"time":0.6667,"angle":-4.69,"curve":"stepped"},{"time":0.9,"angle":-4.69},{"time":1}],"scale":[{"x":0.987},{"time":0.1,"x":0.981},{"time":0.1667,"x":0.973},{"time":0.4,"x":0.971},{"time":0.5,"x":0.987},{"time":0.6,"x":0.981},{"time":0.6667,"x":0.973},{"time":0.9,"x":0.971},{"time":1,"x":0.987}]},"左腿4":{"rotate":[{},{"time":0.1,"angle":34.65},{"time":0.1667,"angle":11.11,"curve":"stepped"},{"time":0.4,"angle":11.11},{"time":0.5},{"time":0.6,"angle":34.65},{"time":0.6667,"angle":11.11,"curve":"stepped"},{"time":0.9,"angle":11.11},{"time":1}],"scale":[{},{"time":0.1,"x":0.797,"curve":"stepped"},{"time":0.4,"x":0.797},{"time":0.5},{"time":0.6,"x":0.797,"curve":"stepped"},{"time":0.9,"x":0.797},{"time":1}]},"左腿5":{"rotate":[{"time":0.1667},{"time":0.2667,"angle":2.74},{"time":0.4,"curve":"stepped"},{"time":0.6667},{"time":0.7667,"angle":2.74},{"time":0.9}],"translate":[{"time":0.1},{"time":0.1667,"y":-16.38},{"time":0.2667,"x":0.41,"y":-19.66},{"time":0.4,"y":-16.38},{"time":0.5,"curve":"stepped"},{"time":0.6},{"time":0.6667,"y":-16.38},{"time":0.7667,"x":0.41,"y":-19.66},{"time":0.9,"y":-16.38},{"time":1}]},"左腿6":{"translate":[{"time":0.1},{"time":0.1667,"x":10.22,"y":0.63},{"time":0.2667,"x":22.92,"y":0.96},{"time":0.4,"x":10.22,"y":0.63},{"time":0.5,"curve":"stepped"},{"time":0.6},{"time":0.6667,"x":10.22,"y":0.63},{"time":0.7667,"x":22.92,"y":0.96},{"time":0.9,"x":10.22,"y":0.63},{"time":1}]},"图层 2":{"rotate":[{"time":0.1667},{"time":0.2667,"angle":40.08},{"time":0.5,"curve":"stepped"},{"time":0.6667},{"time":0.7667,"angle":40.08},{"time":1}],"scale":[{"time":0.2},{"time":0.2333,"y":-0.815,"curve":"stepped"},{"time":0.2667,"y":-0.815},{"time":0.3333,"y":-1},{"time":0.3667,"curve":"stepped"},{"time":0.7},{"time":0.7333,"y":-0.815,"curve":"stepped"},{"time":0.7667,"y":-0.815},{"time":0.8333,"y":-1},{"time":0.8667}]},"0333":{"translate":[{"x":5.69,"y":-2.83,"curve":"stepped"},{"time":0.1,"x":5.69,"y":-2.83},{"time":0.1667,"x":9.27,"y":16.07},{"time":0.2667,"x":9.27,"y":37.43},{"time":0.4,"x":9.27,"y":39.61},{"time":0.5,"x":5.69,"y":-2.83,"curve":"stepped"},{"time":0.6,"x":5.69,"y":-2.83},{"time":0.6667,"x":9.27,"y":16.07},{"time":0.7667,"x":9.27,"y":37.43},{"time":0.9,"x":9.27,"y":39.61},{"time":1,"x":5.69,"y":-2.83}]},"target2":{"rotate":[{"angle":-177.47},{"time":0.1,"angle":-167.88},{"time":0.2667,"angle":169.59},{"time":0.5,"angle":-177.47},{"time":0.6,"angle":-167.88},{"time":0.7667,"angle":169.59},{"time":1,"angle":-177.47}],"translate":[{"x":353.75,"y":-708.77},{"time":0.1,"x":521.11,"y":-707.43},{"time":0.2,"x":103.58,"y":-711.48},{"time":0.2333,"x":-61.84,"y":-713.3},{"time":0.2667,"x":-298.52,"y":-717.14},{"time":0.3667,"x":82.83,"y":-711.72},{"time":0.5,"x":353.75,"y":-708.77},{"time":0.6,"x":521.11,"y":-707.43},{"time":0.7,"x":103.58,"y":-711.48},{"time":0.7333,"x":-61.84,"y":-713.3},{"time":0.7667,"x":-298.52,"y":-717.14},{"time":0.8667,"x":82.83,"y":-711.72},{"time":1,"x":353.75,"y":-708.77}],"scale":[{"time":0.1},{"time":0.2667,"y":-1,"curve":"stepped"},{"time":0.3333,"y":-1},{"time":0.3667,"curve":"stepped"},{"time":0.6},{"time":0.7667,"y":-1,"curve":"stepped"},{"time":0.8333,"y":-1},{"time":0.8667}]},"图层 3":{"scale":[{"x":0.587},{"time":0.1,"x":1.104,"y":1.568},{"time":0.1333,"x":0.685,"y":1.252},{"time":0.1667,"x":0.293,"y":1.239},{"time":0.2,"x":0.206,"y":1.227},{"time":0.2333,"x":0.494,"y":1.114},{"time":0.2667,"x":0.812},{"time":0.3,"x":0.638},{"time":0.3333,"x":0.153,"y":0.518},{"time":0.3667,"x":0.191},{"time":0.4,"x":0.194},{"time":0.4333,"x":0.328},{"time":0.5,"x":0.587},{"time":0.6,"x":1.104,"y":1.568},{"time":0.6333,"x":0.685,"y":1.252},{"time":0.6667,"x":0.293,"y":1.239},{"time":0.7,"x":0.206,"y":1.227},{"time":0.7333,"x":0.494,"y":1.114},{"time":0.7667,"x":0.812},{"time":0.8,"x":0.638},{"time":0.8333,"x":0.153,"y":0.518},{"time":0.8667,"x":0.191},{"time":0.9,"x":0.194},{"time":0.9333,"x":0.328},{"time":1,"x":0.587}]},"图层 4":{"scale":[{"x":0.779},{"time":0.0667,"x":0.649},{"time":0.1,"x":0.62},{"time":0.1333,"x":0.476},{"time":0.1667,"x":0.693,"y":1.009},{"time":0.2,"x":3.192},{"time":0.2333,"x":0.629},{"time":0.2667,"x":1.002},{"time":0.3,"x":0.634},{"time":0.3333,"x":0.951},{"time":0.3667,"x":1.167},{"time":0.4333,"x":0.57},{"time":0.5,"x":0.779},{"time":0.5667,"x":0.649},{"time":0.6,"x":0.62},{"time":0.6333,"x":0.476},{"time":0.6667,"x":0.693,"y":1.009},{"time":0.7,"x":3.192},{"time":0.7333,"x":0.629},{"time":0.7667,"x":1.002},{"time":0.8,"x":0.634},{"time":0.8333,"x":0.951},{"time":0.8667,"x":1.167},{"time":0.9333,"x":0.57},{"time":1,"x":0.779}]},"发右2":{"rotate":[{"angle":-11.11,"curve":0.25,"c3":0.75},{"time":0.1,"angle":-15.31,"curve":0.25,"c3":0.75},{"time":0.2667,"angle":9.22,"curve":0.25,"c3":0.75},{"time":0.3667,"angle":-25.62,"curve":0.25,"c3":0.75},{"time":0.5,"angle":-11.11,"curve":0.25,"c3":0.75},{"time":0.6,"angle":-15.31,"curve":0.25,"c3":0.75},{"time":0.7667,"angle":9.22,"curve":0.25,"c3":0.75},{"time":0.8667,"angle":-25.62,"curve":0.25,"c3":0.75},{"time":1,"angle":-11.11}]},"发右3":{"rotate":[{"angle":-11.11,"curve":0.25,"c3":0.75},{"time":0.1,"angle":-15.31,"curve":0.25,"c3":0.75},{"time":0.2667,"angle":9.22,"curve":0.25,"c3":0.75},{"time":0.3667,"angle":-25.62,"curve":0.25,"c3":0.75},{"time":0.5,"angle":-11.11,"curve":0.25,"c3":0.75},{"time":0.6,"angle":-15.31,"curve":0.25,"c3":0.75},{"time":0.7667,"angle":9.22,"curve":0.25,"c3":0.75},{"time":0.8667,"angle":-25.62,"curve":0.25,"c3":0.75},{"time":1,"angle":-11.11}]},"左臂5":{"rotate":[{},{"time":0.1,"angle":-24.79},{"time":0.1667,"angle":-1.3,"curve":"stepped"},{"time":0.4,"angle":-1.3},{"time":0.5},{"time":0.6,"angle":-24.79},{"time":0.6667,"angle":-1.3,"curve":"stepped"},{"time":0.9,"angle":-1.3},{"time":1}]},"左臂4":{"rotate":[{},{"time":0.1,"angle":-44.14},{"time":0.1667,"angle":-12.21,"curve":"stepped"},{"time":0.4,"angle":-12.21},{"time":0.5},{"time":0.6,"angle":-44.14},{"time":0.6667,"angle":-12.21,"curve":"stepped"},{"time":0.9,"angle":-12.21},{"time":1}]},"图层 7":{"scale":[{"x":0.779},{"time":0.0667,"x":0.655},{"time":0.1,"x":0.644},{"time":0.1333,"x":0.504},{"time":0.1667,"x":0.869},{"time":0.2,"x":3.192},{"time":0.2333,"x":0.629},{"time":0.2667,"x":1.002},{"time":0.3,"x":0.557},{"time":0.3333,"x":0.499},{"time":0.3667,"x":1.167},{"time":0.4333,"x":0.799},{"time":0.5,"x":0.779},{"time":0.5667,"x":0.655},{"time":0.6,"x":0.644},{"time":0.6333,"x":0.504},{"time":0.6667,"x":0.869},{"time":0.7,"x":3.192},{"time":0.7333,"x":0.629},{"time":0.7667,"x":1.002},{"time":0.8,"x":0.557},{"time":0.8333,"x":0.499},{"time":0.8667,"x":1.167},{"time":0.9333,"x":0.799},{"time":1,"x":0.779}]},"图层 6":{"scale":[{"x":0.587},{"time":0.1,"x":1.104,"y":1.568},{"time":0.1333,"x":0.738,"y":1.252},{"time":0.1667,"x":0.278,"y":1.239},{"time":0.2,"x":0.206,"y":1.227},{"time":0.2333,"x":0.494,"y":1.114},{"time":0.2667,"x":0.812},{"time":0.3,"x":0.612},{"time":0.3333,"x":0.155},{"time":0.3667,"x":0.191},{"time":0.4,"x":0.235},{"time":0.4333,"x":0.387,"y":0.704},{"time":0.5,"x":0.587},{"time":0.6,"x":1.104,"y":1.568},{"time":0.6333,"x":0.738,"y":1.252},{"time":0.6667,"x":0.278,"y":1.239},{"time":0.7,"x":0.206,"y":1.227},{"time":0.7333,"x":0.494,"y":1.114},{"time":0.7667,"x":0.812},{"time":0.8,"x":0.612},{"time":0.8333,"x":0.155},{"time":0.8667,"x":0.191},{"time":0.9,"x":0.235},{"time":0.9333,"x":0.387,"y":0.704},{"time":1,"x":0.587}]},"图层 5":{"rotate":[{"time":0.1667},{"time":0.2667,"angle":40.08},{"time":0.5,"curve":"stepped"},{"time":0.6667},{"time":0.7667,"angle":40.08},{"time":1}],"scale":[{"time":0.2},{"time":0.2333,"y":-0.815,"curve":"stepped"},{"time":0.2667,"y":-0.815},{"time":0.3333,"y":-1},{"time":0.3667,"curve":"stepped"},{"time":0.7},{"time":0.7333,"y":-0.815,"curve":"stepped"},{"time":0.7667,"y":-0.815},{"time":0.8333,"y":-1},{"time":0.8667}]},"左臂6":{"rotate":[{"angle":-37.64},{"time":0.2667,"angle":9.34},{"time":0.5,"angle":-37.64},{"time":0.7667,"angle":9.34},{"time":1,"angle":-37.64}],"translate":[{"x":97.04,"y":41.12},{"time":0.2667,"x":18.04,"y":19.09},{"time":0.5,"x":97.04,"y":41.12},{"time":0.7667,"x":18.04,"y":19.09},{"time":1,"x":97.04,"y":41.12}]},"target3":{"rotate":[{"angle":-175.61},{"time":0.1,"angle":-169.03},{"time":0.2667,"angle":169.59},{"time":0.5,"angle":-175.61},{"time":0.6,"angle":-169.03},{"time":0.7667,"angle":169.59},{"time":1,"angle":-175.61}],"translate":[{"x":353.62,"y":-716.07},{"time":0.1,"x":520.93,"y":-720.42},{"time":0.2,"x":103.49,"y":-718.48},{"time":0.2333,"x":-61.84,"y":-717.27},{"time":0.2667,"x":-298.36,"y":-708.08},{"time":0.3667,"x":82.83,"y":-711.72},{"time":0.5,"x":353.62,"y":-716.07},{"time":0.6,"x":520.93,"y":-720.42},{"time":0.7,"x":103.49,"y":-718.48},{"time":0.7333,"x":-61.84,"y":-717.27},{"time":0.7667,"x":-298.36,"y":-708.08},{"time":0.8667,"x":82.83,"y":-711.72},{"time":1,"x":353.62,"y":-716.07}],"scale":[{"time":0.1},{"time":0.2667,"y":-1,"curve":"stepped"},{"time":0.3333,"y":-1},{"time":0.3667,"curve":"stepped"},{"time":0.6},{"time":0.7667,"y":-1,"curve":"stepped"},{"time":0.8333,"y":-1},{"time":0.8667}]},"左腿9":{"rotate":[{},{"time":0.1,"angle":34.65},{"time":0.1667,"angle":11.11,"curve":"stepped"},{"time":0.4,"angle":11.11},{"time":0.5},{"time":0.6,"angle":34.65},{"time":0.6667,"angle":11.11,"curve":"stepped"},{"time":0.9,"angle":11.11},{"time":1}],"scale":[{},{"time":0.1,"x":0.797,"curve":"stepped"},{"time":0.4,"x":0.797},{"time":0.5},{"time":0.6,"x":0.797,"curve":"stepped"},{"time":0.9,"x":0.797},{"time":1}]},"左腿8":{"rotate":[{},{"time":0.1,"angle":-18.62},{"time":0.1667,"angle":-4.69,"curve":"stepped"},{"time":0.4,"angle":-4.69},{"time":0.5},{"time":0.6,"angle":-18.62},{"time":0.6667,"angle":-4.69,"curve":"stepped"},{"time":0.9,"angle":-4.69},{"time":1}],"scale":[{},{"time":0.1,"x":0.985},{"time":0.1667,"x":0.984},{"time":0.4,"x":0.979},{"time":0.5},{"time":0.6,"x":0.985},{"time":0.6667,"x":0.984},{"time":0.9,"x":0.979},{"time":1}]},"左腿11":{"translate":[{"time":0.1},{"time":0.1667,"x":10.22,"y":0.63},{"time":0.2667,"x":32.64,"y":0.74},{"time":0.4,"x":10.22,"y":0.63},{"time":0.5,"curve":"stepped"},{"time":0.6},{"time":0.6667,"x":10.22,"y":0.63},{"time":0.7667,"x":32.64,"y":0.74},{"time":0.9,"x":10.22,"y":0.63},{"time":1}]},"左腿10":{"rotate":[{"time":0.1667},{"time":0.2667,"angle":3.8},{"time":0.4,"curve":"stepped"},{"time":0.6667},{"time":0.7667,"angle":3.8},{"time":0.9}],"translate":[{"time":0.1},{"time":0.1667,"y":-16.38},{"time":0.2667,"x":0.41,"y":-19.66},{"time":0.4,"y":-16.38},{"time":0.5,"curve":"stepped"},{"time":0.6},{"time":0.6667,"y":-16.38},{"time":0.7667,"x":0.41,"y":-19.66},{"time":0.9,"y":-16.38},{"time":1}]},"333":{"translate":[{"x":-3.36,"y":-3.22,"curve":"stepped"},{"time":0.1,"x":-3.36,"y":-3.22},{"time":0.1667,"x":0.22,"y":22.84},{"time":0.2667,"x":0.22,"y":56.48},{"time":0.4,"x":0.22,"y":39.22},{"time":0.5,"x":-3.36,"y":-3.22,"curve":"stepped"},{"time":0.6,"x":-3.36,"y":-3.22},{"time":0.6667,"x":0.22,"y":22.84},{"time":0.7667,"x":0.22,"y":56.48},{"time":0.9,"x":0.22,"y":39.22},{"time":1,"x":-3.36,"y":-3.22}]}},"drawOrder":[{"time":0.2667,"offsets":[{"slot":"图层 2 拷贝","offset":-8},{"slot":"图层 2 拷贝2","offset":-8}]},{"time":0.5},{"time":0.7667,"offsets":[{"slot":"图层 2 拷贝","offset":-8},{"slot":"图层 2 拷贝2","offset":-8}]},{"time":1}]}}}