{
  "__type__": "cc.AnimationClip",
  "_name": "baoji",
  "_objFlags": 0,
  "_native": "",
  "_duration": 1.6,
  "sample": 60,
  "speed": 1,
  "wrapMode": 1,
  "curveData": {
    "props": {
      "scale": [
        {
          "frame": 0,
          "value": {
            "__type__": "cc.Vec2",
            "x": 0,
            "y": 0
          }
        },
        {
          "frame": 0.35,
          "value": {
            "__type__": "cc.Vec2",
            "x": 0.8,
            "y": 0.8
          }
        },
        {
          "frame": 1.3333333333333333,
          "value": {
            "__type__": "cc.Vec2",
            "x": 0.8,
            "y": 0.8
          }
        },
        {
          "frame": 1.6,
          "value": {
            "__type__": "cc.Vec2",
            "x": 0,
            "y": 0
          }
        }
      ],
      "eulerAngles": [
        {
          "frame": 0,
          "value": {
            "__type__": "cc.Vec3",
            "x": 0,
            "y": 0,
            "z": 0
          }
        },
        {
          "frame": 0.16666666666666666,
          "value": {
            "__type__": "cc.Vec3",
            "x": 0,
            "y": 0,
            "z": 360
          }
        },
        {
          "frame": 0.35,
          "value": {
            "__type__": "cc.Vec3",
            "x": 0,
            "y": 0,
            "z": 720
          }
        }
      ],
      "angle": [
        {
          "frame": 0,
          "value": 0
        },
        {
          "frame": 0.16666666666666666,
          "value": 360
        },
        {
          "frame": 0.35,
          "value": 720
        }
      ]
    }
  },
  "events": []
}