{"skeleton":{"hash":"720752woGMfsm38qfJMLJM7ojGg","spine":"3.8.99","x":-258.88,"y":-5.31,"width":989.52,"height":705.1,"images":"./images/","audio":"E:/外包/跳绳/nan"},"bones":[{"name":"root"},{"name":"身体","parent":"root","x":-0.84,"y":233.64},{"name":"身体2","parent":"身体","length":59.59,"rotation":90.3,"x":-0.04,"y":19.75},{"name":"身体3","parent":"身体2","length":86.75,"rotation":-1.33,"x":59.9},{"name":"头","parent":"身体3","length":131.05,"rotation":0.48,"x":99.98,"y":2.73},{"name":"头2","parent":"头","x":156.78,"y":-0.64},{"name":"左发","parent":"头2","length":58.04,"rotation":144.29,"x":4.94,"y":23.4},{"name":"左发2","parent":"左发","length":33.33,"rotation":-10.64,"x":58.04},{"name":"左发3","parent":"左发2","length":31.43,"rotation":-19.08,"x":33.56,"y":-0.21},{"name":"身体4","parent":"身体3","x":83.93,"y":0.31},{"name":"左臂","parent":"身体4","length":69.09,"rotation":151.4,"x":-7.18,"y":39.87},{"name":"左臂2","parent":"左臂","length":50.77,"rotation":-18.72,"x":69.09},{"name":"左臂3","parent":"身体4","length":50.6,"rotation":109.42,"x":-102.26,"y":110.27,"color":"ff3f00ff"},{"name":"左腿","parent":"身体2","x":-9.37,"y":-0.84},{"name":"左腿3","parent":"左腿","length":70.91,"rotation":170.04,"x":-29.62,"y":20.67},{"name":"左腿4","parent":"左腿3","length":93.82,"rotation":6.75,"x":70.94,"y":-0.55},{"name":"0333","parent":"root","x":-35.64,"y":50.31,"color":"ff3f00ff"},{"name":"左腿5","parent":"0333","length":47.49,"rotation":-93.54,"x":-0.08,"y":-1.55},{"name":"左腿6","parent":"左腿5","x":20.33,"y":-18.67,"color":"abe323ff"},{"name":"左腿7","parent":"左腿5","x":19.5,"y":32.24},{"name":"图层 2","parent":"左臂3","length":40.45,"rotation":-17.91,"x":51.76,"y":-1.51},{"name":"图层 3","parent":"图层 2","length":304.16,"rotation":-0.18,"x":7.1,"y":1.08,"scaleX":0.8617,"scaleY":0.9912},{"name":"图层 4","parent":"图层 3","length":342.19,"rotation":-0.1,"x":305.52,"y":0.91,"scaleX":0.8666},{"name":"target2","parent":"身体4","rotation":87.92,"x":293.77,"y":10.55,"color":"ff3f00ff"},{"name":"身体5","parent":"身体3","x":83.93,"y":0.31,"scaleY":-1},{"name":"左臂4","parent":"身体5","length":69.09,"rotation":151.4,"x":-7.18,"y":39.87},{"name":"左臂5","parent":"左臂4","length":50.77,"rotation":-18.72,"x":69.09},{"name":"左臂6","parent":"身体5","length":50.6,"rotation":109.42,"x":-102.26,"y":110.27,"color":"ff3f00ff"},{"name":"图层 5","parent":"左臂6","length":40.45,"rotation":-17.91,"x":51.76,"y":-1.51},{"name":"图层 6","parent":"图层 5","length":304.16,"rotation":-0.18,"x":2.57,"y":2.38,"scaleX":0.8693},{"name":"图层 7","parent":"图层 6","length":342.19,"rotation":-0.1,"x":305.52,"y":0.91,"scaleX":0.8666},{"name":"target3","parent":"身体5","rotation":87.92,"x":-135.9,"y":738.11,"color":"ff3f00ff"},{"name":"左腿2","parent":"身体2","x":-9.37,"y":-0.84,"scaleY":-1},{"name":"左腿8","parent":"左腿2","length":70.91,"rotation":170.04,"x":-29.62,"y":20.67},{"name":"左腿9","parent":"左腿8","length":93.82,"rotation":6.75,"x":70.94,"y":-0.55},{"name":"333","parent":"root","x":40.3,"y":49.06,"scaleX":-1,"color":"ff3f00ff"},{"name":"左腿10","parent":"333","length":47.49,"rotation":-93.54,"x":-0.08,"y":-1.55},{"name":"左腿11","parent":"左腿10","x":20.33,"y":-18.67,"color":"abe323ff"},{"name":"左腿12","parent":"左腿10","x":19.5,"y":32.24},{"name":"头3","parent":"头","x":156.78,"y":-0.64,"scaleY":-1},{"name":"左发4","parent":"头3","length":58.04,"rotation":144.29,"x":4.94,"y":23.4},{"name":"左发5","parent":"左发4","length":33.33,"rotation":-10.64,"x":58.04},{"name":"左发6","parent":"左发5","length":31.43,"rotation":-19.08,"x":33.56,"y":-0.21}],"slots":[{"name":"左腿","bone":"左腿3","attachment":"左腿"},{"name":"左腿2","bone":"左腿8","attachment":"左腿"},{"name":"左臂","bone":"左臂","attachment":"左臂"},{"name":"左臂2","bone":"左臂4","attachment":"左臂"},{"name":"身体","bone":"身体","attachment":"身体"},{"name":"头","bone":"头","attachment":"头"},{"name":"左发","bone":"左发","attachment":"左发"},{"name":"左发2","bone":"左发4","attachment":"左发"},{"name":"图层 2","bone":"图层 2","attachment":"图层 2"},{"name":"图层 3","bone":"图层 5","attachment":"图层 2"},{"name":"男拳","bone":"左臂3","attachment":"男拳"},{"name":"男拳2","bone":"左臂6","attachment":"男拳"}],"ik":[{"name":"02","order":1,"bones":["左臂","左臂2"],"target":"左臂3","bendPositive":false},{"name":"0333","order":2,"bones":["左腿3","左腿4"],"target":"0333"},{"name":"333","order":5,"bones":["左腿8","左腿9"],"target":"333"},{"name":"target","bones":["图层 3","图层 4"],"target":"target2","bendPositive":false},{"name":"target3","order":4,"bones":["图层 6","图层 7"],"target":"target3","bendPositive":false},{"name":"左臂6","order":3,"bones":["左臂4","左臂5"],"target":"左臂6","bendPositive":false}],"transform":[{"name":"左腿6","order":6,"bones":["左腿7"],"target":"左腿6","x":-0.83,"y":50.91,"rotateMix":0,"translateMix":-1,"scaleMix":0,"shearMix":0}],"skins":[{"name":"default","attachments":{"图层 2":{"图层 2":{"type":"mesh","uvs":[0.61905,1,0.57143,1,0.52381,1,0.47619,1,0.42857,1,0.38095,1,0.33333,1,0.28571,1,0.2381,1,0.19048,1,0.14286,1,0.09524,1,0.04762,1,0,1,0,0,0.04762,0,0.09524,0,0.14286,0,0.19048,0,0.2381,0,0.28571,0,0.33333,0,0.38095,0,0.42857,0,0.47619,0,0.52381,0,0.57143,0,0.61905,0],"triangles":[1,27,0,1,26,27,2,26,1,2,25,26,3,24,25,4,24,3,4,23,24,5,23,4,5,22,23,6,22,5,3,25,2,6,21,22,7,21,6,7,20,21,8,19,20,10,18,9,12,16,11,12,15,16,11,17,10,11,16,17,10,17,18,9,18,19,9,19,8,8,20,7,13,15,12,13,14,15],"vertices":[1,23,-5.47,6.03,1,3,21,618.01,-4.07,0.008,22,312.47,-5.91,0.49203,23,30.22,6.08,0.49997,3,21,563.34,-4.38,0.08,22,257.8,-6.05,0.65504,23,84.89,6.53,0.26496,2,21,508.68,-4.69,0.272,22,203.14,-6.2,0.728,2,21,454.01,-4.99,0.368,22,148.47,-6.34,0.632,2,21,399.34,-5.3,0.456,22,93.8,-6.49,0.544,2,21,344.68,-5.61,0.56,22,39.14,-6.63,0.44,2,21,290.01,-5.91,0.512,22,-15.53,-6.77,0.488,2,21,235.35,-6.22,0.656,22,-70.2,-6.92,0.344,2,21,180.68,-6.53,0.728,22,-124.86,-7.06,0.272,2,21,126.01,-6.83,0.784,22,-179.53,-7.21,0.216,2,21,71.35,-7.14,0.872,22,-234.2,-7.35,0.128,1,21,16.68,-7.45,1,1,20,-0.25,-6.72,1,1,20,-0.25,8.28,1,1,21,16.6,7.55,1,2,21,71.26,7.86,0.88,22,-234.24,7.65,0.12,2,21,125.93,8.17,0.792,22,-179.57,7.79,0.208,2,21,180.6,8.47,0.736,22,-124.9,7.94,0.264,2,21,235.26,8.78,0.68,22,-70.24,8.08,0.32,2,21,289.93,9.09,0.528,22,-15.57,8.23,0.472,2,21,344.59,9.39,0.52,22,39.1,8.37,0.48,2,21,399.26,9.7,0.44,22,93.76,8.51,0.56,2,21,453.93,10.01,0.384,22,148.43,8.66,0.616,2,21,508.59,10.31,0.28,22,203.1,8.8,0.72,3,21,563.26,10.62,0.072,22,257.76,8.95,0.63104,23,85.01,-8.47,0.29696,3,21,617.92,10.92,0.01216,22,312.43,9.09,0.5117,23,30.35,-8.92,0.47614,1,23,-4.73,-8.93,1],"hull":28,"edges":[0,2,2,4,4,6,6,8,8,10,10,12,12,14,14,16,16,18,18,20,20,22,22,24,24,26,26,28,28,30,30,32,32,34,34,36,36,38,38,40,40,42,42,44,44,46,46,48,48,50,50,52,52,54,54,0],"width":1148,"height":15}},"图层 3":{"图层 2":{"type":"mesh","uvs":[0.61905,1,0.57143,1,0.52381,1,0.47619,1,0.42857,1,0.38095,1,0.33333,1,0.28571,1,0.2381,1,0.19048,1,0.14286,1,0.09524,1,0.04762,1,0,1,0,0,0.04762,0,0.09524,0,0.14286,0,0.19048,0,0.2381,0,0.28571,0,0.33333,0,0.38095,0,0.42857,0,0.47619,0,0.52381,0,0.57143,0,0.61905,0],"triangles":[1,27,0,1,26,27,3,25,2,6,22,5,5,22,23,5,23,4,4,23,24,4,24,3,3,24,25,2,25,26,2,26,1,8,20,7,9,19,8,9,18,19,10,17,18,11,16,17,11,17,10,12,15,16,12,16,11,10,18,9,8,19,20,7,20,21,7,21,6,6,21,22,13,15,12,13,14,15],"vertices":[1,31,-5.47,6.03,1,3,29,618.01,-4.07,0.008,30,312.47,-5.91,0.49203,31,30.22,6.08,0.49997,3,29,563.34,-4.38,0.08,30,257.8,-6.05,0.65504,31,84.89,6.53,0.26496,2,29,508.68,-4.69,0.272,30,203.14,-6.2,0.728,2,29,454.01,-4.99,0.368,30,148.47,-6.34,0.632,2,29,399.34,-5.3,0.456,30,93.8,-6.49,0.544,2,29,344.68,-5.61,0.56,30,39.14,-6.63,0.44,2,29,290.01,-5.91,0.512,30,-15.53,-6.77,0.488,2,29,235.35,-6.22,0.656,30,-70.2,-6.92,0.344,2,29,180.68,-6.53,0.728,30,-124.86,-7.06,0.272,2,29,126.01,-6.83,0.832,30,-179.53,-7.21,0.168,2,29,71.35,-7.14,0.912,30,-234.2,-7.35,0.088,1,29,16.68,-7.45,1,1,28,-0.25,-6.72,1,1,28,-0.25,8.28,1,1,29,16.6,7.55,1,2,29,71.26,7.86,0.952,30,-234.24,7.65,0.048,2,29,125.93,8.17,0.856,30,-179.57,7.79,0.144,2,29,180.6,8.47,0.736,30,-124.9,7.94,0.264,2,29,235.26,8.78,0.68,30,-70.24,8.08,0.32,2,29,289.93,9.09,0.528,30,-15.57,8.23,0.472,2,29,344.59,9.39,0.52,30,39.1,8.37,0.48,2,29,399.26,9.7,0.44,30,93.76,8.51,0.56,2,29,453.93,10.01,0.384,30,148.43,8.66,0.616,2,29,508.59,10.31,0.28,30,203.1,8.8,0.72,3,29,563.26,10.62,0.072,30,257.76,8.95,0.63104,31,85.01,-8.47,0.29696,3,29,617.92,10.92,0.01216,30,312.43,9.09,0.5117,31,30.35,-8.92,0.47614,1,31,-4.73,-8.93,1],"hull":28,"edges":[0,2,2,4,4,6,6,8,8,10,10,12,12,14,14,16,16,18,18,20,20,22,22,24,24,26,26,28,28,30,30,32,32,34,34,36,36,38,38,40,40,42,42,44,44,46,46,48,48,50,50,52,52,54,54,0],"width":1148,"height":15}},"头":{"头":{"x":87.64,"y":0.19,"rotation":-89.45,"width":180,"height":178}},"左发":{"左发":{"type":"mesh","uvs":[0,0.762,0.09843,0.92011,0.25154,1,0.48011,1,0.60437,0.8785,0.75527,0.78488,0.86178,0.59557,1,0.37297,1,0.20862,0.85734,0,0.71532,0,0.51117,0.15245,0.36915,0.32304,0.17388,0.35633,0.08068,0.51444,0,0.61429,0.33587,0.7516,0.5844,0.53732],"triangles":[10,9,8,7,17,11,12,11,17,8,7,10,12,14,13,16,12,17,16,14,12,15,14,16,10,7,11,6,17,7,0,15,16,5,17,6,4,16,17,5,4,17,1,0,16,2,1,16,3,2,16,4,3,16],"vertices":[112.63,-34.14,120.8,-15.34,118.51,2.92,104.32,22.27,85.63,24.75,67.8,31.32,44.09,27.8,15.4,24.76,0.56,13.88,-9.43,-12.02,-0.61,-24.04,25.84,-31.23,50.06,-31.96,65.19,-46.29,85.26,-43.71,99.29,-43.93,90.84,-6.39,56.05,0.46],"hull":16,"edges":[0,2,2,4,4,6,6,8,8,10,10,12,12,14,14,16,16,18,18,20,20,22,22,24,24,26,26,28,28,30,0,30],"width":105,"height":112}},"左发2":{"左发":{"type":"mesh","uvs":[0,0.762,0.09843,0.92011,0.25154,1,0.48011,1,0.60437,0.8785,0.75527,0.78488,0.86178,0.59557,1,0.37297,1,0.20862,0.85734,0,0.71532,0,0.51117,0.15245,0.36915,0.32304,0.17388,0.35633,0.08068,0.51444,0,0.61429,0.33587,0.7516,0.5844,0.53732],"triangles":[10,9,8,7,17,11,12,11,17,8,7,10,12,14,13,16,12,17,16,14,12,15,14,16,10,7,11,6,17,7,0,15,16,5,17,6,4,16,17,5,4,17,1,0,16,2,1,16,3,2,16,4,3,16],"vertices":[112.63,-34.14,120.8,-15.34,118.51,2.92,104.32,22.27,85.63,24.75,67.8,31.32,44.09,27.8,15.4,24.76,0.56,13.88,-9.43,-12.02,-0.61,-24.04,25.84,-31.23,50.06,-31.96,65.19,-46.29,85.26,-43.71,99.29,-43.93,90.84,-6.39,56.05,0.46],"hull":16,"edges":[0,2,2,4,4,6,6,8,8,10,10,12,12,14,14,16,16,18,18,20,20,22,22,24,24,26,26,28,28,30,0,30],"width":105,"height":112}},"左腿":{"左腿":{"type":"mesh","uvs":[0.25838,4.3E-4,0.18755,0.10799,0.16689,0.22899,0.15804,0.33847,0.40299,0.36151,0.31445,0.47291,0.33806,0.58239,0.34101,0.66977,0.21116,0.70435,0.25838,0.78117,0.03704,0.81382,0,0.8676,0,0.94827,0.06065,1,0.26723,1,0.55055,1,0.7257,1,0.81911,1,0.91355,0.96372,0.91355,0.86192,0.96372,0.76493,1,0.69483,0.84862,0.66122,0.88699,0.56903,0.90174,0.47203,0.9224,0.36064,1,0.34527,1,0.19193,0.96372,0.04884,0.72172,0,0.43545,0,0.60532,0.41975,0.72985,0.14005,0.52796,0.78505,0.29642,0.86922,0.81464,0.91754,0.27403,0.81313,0.52864,0.81143,0.71349,0.85796,0.74314,0.93741,0.17928,0.82893,0.09129,0.87826,0.09265,0.93949,0.26321,0.96239,0.4649,0.96415],"triangles":[43,42,34,18,17,39,17,16,39,16,15,39,14,44,15,15,44,39,13,43,14,14,43,44,13,42,43,13,12,42,43,34,44,44,38,39,38,34,37,38,44,34,39,35,18,35,19,18,12,41,42,12,11,41,39,38,35,35,38,19,40,41,10,40,36,34,34,36,37,41,11,10,19,38,20,36,40,9,40,10,9,36,33,37,36,9,33,38,37,33,42,41,34,41,40,34,24,31,25,23,31,24,20,38,33,9,7,33,33,22,20,33,7,22,9,8,7,20,22,21,7,6,22,22,6,23,6,5,31,6,31,23,5,4,31,31,4,25,3,2,4,4,2,32,4,32,25,32,2,1,26,25,27,25,32,27,32,1,30,1,0,30,30,29,32,32,28,27,32,29,28],"vertices":[1,13,6.12,60.27,1,2,13,-20.95,66.22,0.496,14,-0.66,-46.36,0.504,2,13,-51.43,68.07,0.112,14,29.68,-42.92,0.888,1,14,57,-39,1,2,14,59.36,-18.23,0.88,15,-13.58,-16.19,0.12,2,14,88.25,-20.68,0.52,15,14.82,-22.02,0.48,1,15,42.27,-18.69,1,1,15,64.25,-17.33,1,1,15,73.5,-27.52,1,1,19,-20.44,-54.93,1,1,19,-11.11,-72.53,1,1,19,2.61,-74.73,1,1,19,22.9,-73.48,1,1,19,35.6,-67.71,1,1,19,34.56,-50.8,1,1,19,33.12,-27.61,1,1,19,32.24,-13.28,1,1,19,31.77,-5.63,1,1,19,22.16,1.53,1,1,19,-3.44,-0.05,1,2,15,85.61,34.88,0.824,19,-28.09,2.55,0.176,1,15,67.82,36.96,1,1,15,59.99,24.13,1,1,15,36.63,26.1,1,2,14,79.95,26.76,0.184,15,12.16,26.07,0.816,2,14,52,23.72,0.696,15,-15.97,26.33,0.304,1,14,47.11,29.35,1,1,13,-42.45,-0.29,1,1,13,-6.38,2.5,1,1,13,6.03,22.28,1,1,13,6.16,45.75,1,2,14,71.04,0.59,0.448,15,0.23,1.12,0.552,2,13,-29.26,21.79,0.736,14,-0.16,-1.17,0.264,2,15,92.49,-0.54,0.632,19,-20.82,-32.8,0.368,2,18,0.69,0.47,0.584,19,1.51,-50.44,0.416,2,18,10.22,43.63,0.256,19,11.05,-7.28,0.744,2,18,-13.31,-2.24,0.368,19,-12.48,-53.15,0.632,2,18,-15.02,18.57,0.392,19,-14.19,-32.34,0.608,2,18,-4.25,34.43,0.408,19,-3.42,-16.48,0.592,2,18,15.58,38.09,0.288,19,16.41,-12.82,0.712,2,18,-8.86,-9.75,0.416,19,-8.03,-60.66,0.584,2,18,4,-16.18,0.672,19,4.83,-67.09,0.328,2,18,19.39,-15.12,0.44,19,20.22,-66.03,0.56,2,18,24.29,-0.8,0.408,19,25.12,-51.71,0.592,2,18,23.71,15.73,0.392,19,24.54,-35.18,0.608],"hull":31,"edges":[0,2,2,4,4,6,6,8,8,10,10,12,12,14,14,16,16,18,18,20,20,22,22,24,24,26,26,28,28,30,34,36,36,38,38,40,40,42,42,44,44,46,46,48,48,50,50,52,52,54,54,56,56,58,58,60,0,60,30,32,32,34],"width":82,"height":252}},"左腿2":{"左腿":{"type":"mesh","uvs":[0.25838,4.3E-4,0.18755,0.10799,0.16689,0.22899,0.15804,0.33847,0.40299,0.36151,0.31445,0.47291,0.33806,0.58239,0.34101,0.66977,0.21116,0.70435,0.25838,0.78117,0.03704,0.81382,0,0.8676,0,0.94827,0.06065,1,0.26723,1,0.55055,1,0.7257,1,0.81911,1,0.91355,0.96372,0.91355,0.86192,0.96372,0.76493,1,0.69483,0.84862,0.66122,0.88699,0.56903,0.90174,0.47203,0.9224,0.36064,1,0.34527,1,0.19193,0.96372,0.04884,0.72172,0,0.43545,0,0.60532,0.41975,0.72985,0.14005,0.52796,0.78505,0.29642,0.86922,0.81464,0.91754,0.27403,0.81313,0.52864,0.81143,0.71349,0.85796,0.74314,0.93741,0.17928,0.82893,0.09129,0.87826,0.09265,0.93949,0.26321,0.96239,0.4649,0.96415],"triangles":[43,42,34,18,17,39,17,16,39,16,15,39,14,44,15,15,44,39,13,43,14,14,43,44,13,42,43,13,12,42,43,34,44,44,38,39,38,34,37,38,44,34,39,35,18,35,19,18,12,41,42,12,11,41,39,38,35,35,38,19,40,41,10,40,36,34,34,36,37,41,11,10,19,38,20,36,40,9,40,10,9,36,33,37,36,9,33,38,37,33,42,41,34,41,40,34,24,31,25,23,31,24,20,38,33,9,7,33,33,22,20,33,7,22,9,8,7,20,22,21,7,6,22,22,6,23,6,5,31,6,31,23,5,4,31,31,4,25,3,2,4,4,2,32,4,32,25,32,2,1,26,25,27,25,32,27,32,1,30,1,0,30,30,29,32,32,28,27,32,29,28],"vertices":[1,32,6.12,60.27,1,2,32,-20.95,66.22,0.496,33,-0.66,-46.36,0.504,2,32,-51.43,68.07,0.112,33,29.68,-42.92,0.888,1,33,57,-39,1,2,33,59.36,-18.23,0.88,34,-13.58,-16.19,0.12,2,33,88.25,-20.68,0.52,34,14.82,-22.02,0.48,1,34,42.27,-18.69,1,1,34,64.25,-17.33,1,1,34,73.5,-27.52,1,1,38,-20.44,-54.93,1,1,38,-11.11,-72.53,1,1,38,2.61,-74.73,1,1,38,22.9,-73.48,1,1,38,35.6,-67.71,1,1,38,34.56,-50.8,1,1,38,33.12,-27.61,1,1,38,32.24,-13.28,1,1,38,31.77,-5.63,1,1,38,22.16,1.53,1,1,38,-3.44,-0.05,1,2,34,85.61,34.88,0.824,38,-28.09,2.55,0.176,1,34,67.82,36.96,1,1,34,59.99,24.13,1,1,34,36.63,26.1,1,2,33,79.95,26.76,0.184,34,12.16,26.07,0.816,2,33,52,23.72,0.696,34,-15.97,26.33,0.304,1,33,47.11,29.35,1,1,32,-42.45,-0.29,1,1,32,-6.38,2.5,1,1,32,6.03,22.28,1,1,32,6.16,45.75,1,2,33,71.04,0.59,0.448,34,0.23,1.12,0.552,2,32,-29.26,21.79,0.736,33,-0.16,-1.17,0.264,2,34,92.49,-0.54,0.632,38,-20.82,-32.8,0.368,2,37,0.69,0.47,0.584,38,1.51,-50.44,0.416,2,37,10.22,43.63,0.256,38,11.05,-7.28,0.744,2,37,-13.31,-2.24,0.368,38,-12.48,-53.15,0.632,2,37,-15.02,18.57,0.392,38,-14.19,-32.34,0.608,2,37,-4.25,34.43,0.408,38,-3.42,-16.48,0.592,2,37,15.58,38.09,0.288,38,16.41,-12.82,0.712,2,37,-8.86,-9.75,0.416,38,-8.03,-60.66,0.584,2,37,4,-16.18,0.672,38,4.83,-67.09,0.328,2,37,19.39,-15.12,0.44,38,20.22,-66.03,0.56,2,37,24.29,-0.8,0.408,38,25.12,-51.71,0.592,2,37,23.71,15.73,0.392,38,24.54,-35.18,0.608],"hull":31,"edges":[0,2,2,4,4,6,6,8,8,10,10,12,12,14,14,16,16,18,18,20,20,22,22,24,24,26,26,28,28,30,34,36,36,38,38,40,40,42,42,44,44,46,46,48,48,50,50,52,52,54,54,56,56,58,58,60,0,60,30,32,32,34],"width":82,"height":252}},"左臂":{"左臂":{"type":"mesh","uvs":[0.89052,0,0.75807,0.01683,0.62106,0.15071,0.45435,0.34196,0.56282,0.43014,0.44522,0.47052,0.36758,0.58952,0.31962,0.61821,0.20202,0.60546,0.05701,0.64264,0,0.74146,0,0.92845,0.10839,1,0.29108,1,0.45321,0.94864,0.50916,0.83389,0.5868,0.77652,0.72724,0.68939,0.75807,0.60121,0.84485,0.63308,0.96588,0.39721,1,0.26014,1,0.07633,0.94304,0,0.68157,0.50027,0.41439,0.73508],"triangles":[13,25,14,8,25,13,25,8,7,10,8,13,12,10,13,8,10,9,14,25,15,12,11,10,15,25,16,24,16,6,16,24,17,24,6,5,5,4,24,7,6,25,16,25,6,17,24,18,19,18,20,18,24,20,4,2,24,24,2,20,20,2,21,21,2,1,21,1,0,4,3,2,22,21,0,0,23,22],"vertices":[1,10,-6.18,-11.76,1,1,10,4.7,-25.99,1,2,10,30.53,-32.42,0.99798,11,-26.11,-43.08,0.00202,2,10,65.52,-38.22,0.85677,11,8.88,-37.35,0.14323,2,10,69.37,-19.31,0.45913,11,6.46,-18.2,0.54087,3,10,82.21,-30.13,0.01674,11,22.1,-24.33,0.98305,12,-16.74,-33.67,2.1E-4,2,11,41.26,-18.43,0.78969,12,-1.46,-20.69,0.21031,2,11,48.81,-19.62,0.39665,12,5.94,-18.8,0.60335,2,11,59.36,-31.46,0.03772,12,20.32,-25.51,0.96228,1,12,40.44,-26.56,1,1,12,52.18,-15.47,1,1,12,60.67,10.09,1,1,12,50.14,24.45,1,2,11,88.2,18.92,0.00373,12,26.91,32.17,0.99627,2,11,67.05,27.84,0.14183,12,3.96,32,0.85817,2,11,50.47,20.47,0.61444,12,-8.37,18.68,0.38556,2,11,37.2,21.21,0.96917,12,-20.84,14.13,0.03083,2,10,90.93,18.3,0.0165,11,14.8,24.34,0.9835,2,10,77.85,15.61,0.34186,11,3.28,17.6,0.65814,2,10,76.09,27.99,0.6854,11,-2.36,28.75,0.3146,1,10,38.54,25.3,1,1,10,19.13,19.51,1,1,10,-3.88,6.43,1,1,10,-9.66,-5.64,1,2,10,70.28,-0.48,0.17546,11,1.28,-0.08,0.82454,2,11,50.5,1.4,0.66656,12,-0.8,1.18,0.33344],"hull":24,"edges":[0,2,2,4,4,6,6,8,8,10,10,12,12,14,14,16,16,18,18,20,20,22,22,24,24,26,26,28,28,30,30,32,32,34,34,36,36,38,38,40,40,42,42,44,44,46,0,46],"width":134,"height":144}},"左臂2":{"左臂":{"type":"mesh","uvs":[0.89052,0,0.75807,0.01683,0.62106,0.15071,0.45435,0.34196,0.56282,0.43014,0.44522,0.47052,0.36758,0.58952,0.31962,0.61821,0.20202,0.60546,0.05701,0.64264,0,0.74146,0,0.92845,0.10839,1,0.29108,1,0.45321,0.94864,0.50916,0.83389,0.5868,0.77652,0.72724,0.68939,0.75807,0.60121,0.84485,0.63308,0.96588,0.39721,1,0.26014,1,0.07633,0.94304,0,0.68157,0.50027,0.41439,0.73508],"triangles":[13,25,14,8,25,13,25,8,7,10,8,13,12,10,13,8,10,9,14,25,15,12,11,10,15,25,16,24,16,6,16,24,17,24,6,5,5,4,24,7,6,25,16,25,6,17,24,18,19,18,20,18,24,20,4,2,24,24,2,20,20,2,21,21,2,1,21,1,0,4,3,2,22,21,0,0,23,22],"vertices":[1,25,-6.18,-11.76,1,1,25,4.7,-25.99,1,2,25,30.53,-32.42,0.99798,26,-26.11,-43.08,0.00202,2,25,65.52,-38.22,0.85677,26,8.88,-37.35,0.14323,2,25,69.37,-19.31,0.45913,26,6.46,-18.2,0.54087,3,25,82.21,-30.13,0.01674,26,22.1,-24.33,0.98305,27,-16.74,-33.67,2.1E-4,2,26,41.26,-18.43,0.78969,27,-1.46,-20.69,0.21031,2,26,48.81,-19.62,0.39665,27,5.94,-18.8,0.60335,2,26,59.36,-31.46,0.03772,27,20.32,-25.51,0.96228,1,27,40.44,-26.56,1,1,27,52.18,-15.47,1,1,27,60.67,10.09,1,1,27,50.14,24.45,1,2,26,88.2,18.92,0.00373,27,26.91,32.17,0.99627,2,26,67.05,27.84,0.14183,27,3.96,32,0.85817,2,26,50.47,20.47,0.61444,27,-8.37,18.68,0.38556,2,26,37.2,21.21,0.96917,27,-20.84,14.13,0.03083,2,25,90.93,18.3,0.0165,26,14.8,24.34,0.9835,2,25,77.85,15.61,0.34186,26,3.28,17.6,0.65814,2,25,76.09,27.99,0.6854,26,-2.36,28.75,0.3146,1,25,38.54,25.3,1,1,25,19.13,19.51,1,1,25,-3.88,6.43,1,1,25,-9.66,-5.64,1,2,25,70.28,-0.48,0.17546,26,1.28,-0.08,0.82454,2,26,50.5,1.4,0.66656,27,-0.8,1.18,0.33344],"hull":24,"edges":[0,2,2,4,4,6,6,8,8,10,10,12,12,14,14,16,16,18,18,20,20,22,22,24,24,26,26,28,28,30,30,32,32,34,34,36,36,38,38,40,40,42,42,44,44,46,0,46],"width":134,"height":144}},"男拳":{"男拳":{"x":18.86,"y":5.78,"scaleX":1.2403,"scaleY":1.2403,"rotation":161.62,"width":46,"height":41}},"男拳2":{"男拳":{"x":20.71,"y":3.74,"scaleX":-1.2587,"scaleY":-1.2587,"rotation":-20.45,"width":46,"height":41}},"身体":{"身体":{"type":"mesh","uvs":[0.01623,0.97,0.31313,0.99446,0.5158,1,0.74009,0.99302,0.9306,0.97575,1,0.94409,0.99951,0.81314,0.98735,0.69514,0.96543,0.56551,0.93465,0.44076,0.92097,0.30691,0.94149,0.17852,0.91584,0.07927,0.76366,0.03738,0.63541,0.0128,0.52085,0,0.37038,0.02464,0.23358,0.04558,0.09679,0.08564,0.0985,0.19309,0.11902,0.30964,0.10876,0.42984,0.08653,0.55276,0.05575,0.70756,0.01813,0.81319,0,0.88694,0.52371,0.81864,0.51977,0.73665,0.51855,0.48953],"triangles":[28,9,8,22,21,28,21,20,28,11,28,20,16,19,17,28,10,9,10,28,11,13,11,14,14,11,16,14,16,15,20,16,11,16,20,19,12,11,13,19,18,17,26,23,27,27,7,6,23,22,27,22,28,27,27,8,7,27,28,8,3,2,26,1,25,24,1,24,26,2,1,26,23,26,24,4,3,6,5,4,6,1,0,25,6,3,26,26,27,6],"vertices":[2,1,-66.52,-38.32,0.8943,2,-57.72,66.78,0.1057,2,1,-27.62,-44.34,0.98188,2,-63.94,27.92,0.01812,1,1,-1.07,-45.7,1,2,1,28.31,-43.98,0.98384,2,-63.88,-28.01,0.01616,2,1,53.27,-39.73,0.92229,2,-59.76,-52.99,0.07771,2,1,62.36,-31.95,0.89386,2,-52.02,-62.13,0.10614,3,1,62.29,0.27,0.63664,2,-19.81,-62.23,0.36253,3,-78.25,-64.06,8.3E-4,3,1,60.7,29.29,0.26157,2,9.23,-60.79,0.70059,3,-49.25,-61.95,0.03784,3,1,57.83,61.18,0.03694,2,41.13,-58.08,0.70739,3,-17.42,-58.5,0.25567,3,1,53.8,91.87,1.3E-4,2,71.84,-54.21,0.30631,3,13.19,-53.92,0.69355,2,2,104.78,-52.59,0.0278,3,46.08,-51.54,0.9722,1,3,77.71,-53.66,1,1,3,102.06,-49.86,1,1,3,112.01,-29.74,1,1,3,117.75,-12.83,1,1,3,120.63,2.23,1,1,3,114.21,21.83,1,1,3,108.74,39.65,1,1,3,98.56,57.39,1,1,3,72.14,56.69,1,2,2,104.66,52.46,0.02554,3,43.52,53.49,0.97446,3,1,-54.4,94.56,2.5E-4,2,75.1,53.96,0.24748,3,13.93,54.3,0.75227,3,1,-57.31,64.32,0.03581,2,44.87,57.03,0.65711,3,-16.35,56.67,0.30708,3,1,-61.34,26.24,0.33273,2,6.81,61.26,0.64042,3,-54.5,60.02,0.02685,3,1,-66.27,0.26,0.66628,2,-19.14,66.33,0.3332,3,-80.57,64.48,5.2E-4,2,1,-68.64,-17.89,0.8192,2,-37.28,68.8,0.1808,1,1,-0.04,-1.09,1,2,1,-0.55,19.09,0.00964,2,-0.66,0.52,0.99036,2,2,60.13,0.36,0.46626,3,0.22,0.36,0.53374],"hull":26,"edges":[0,2,2,4,4,6,6,8,8,10,10,12,12,14,14,16,16,18,18,20,20,22,22,24,24,26,26,28,28,30,30,32,32,34,34,36,36,38,38,40,40,42,42,44,44,46,46,48,48,50,0,50],"width":131,"height":246}}}}],"animations":{"shengli":{"slots":{"图层 2":{"color":[{"color":"ffffff00"}]},"图层 3":{"color":[{"color":"ffffff00"}]}},"bones":{"身体":{"rotate":[{"time":0.2333},{"time":0.3,"angle":-3.29,"curve":"stepped"},{"time":0.7333,"angle":-3.29},{"time":0.8,"angle":-7.04},{"time":1}],"translate":[{"y":-5.12},{"time":0.1333,"x":-11.93,"y":-28.54},{"time":0.2333,"x":-29.97,"y":-47.75},{"time":0.3,"x":-6.95,"y":90.36},{"time":0.5,"x":-4.67,"y":175.87},{"time":0.7333,"x":0.01,"y":69.37},{"time":0.8,"x":-20.01,"y":-51.57},{"time":1,"y":-5.12}],"scale":[{"y":0.971,"curve":"stepped"},{"time":0.2333,"y":0.971},{"time":0.5,"y":1.044},{"time":0.7333,"y":0.971}]},"身体2":{"rotate":[{"time":0.2333},{"time":0.5,"angle":1.13,"curve":"stepped"},{"time":0.7333,"angle":1.13},{"time":0.8}]},"身体3":{"rotate":[{},{"time":0.1333,"angle":8.64},{"time":0.2333,"angle":10.79},{"time":0.3,"angle":-0.24},{"time":0.5,"angle":-12.13,"curve":"stepped"},{"time":0.7333,"angle":-12.13},{"time":0.8}],"translate":[{},{"time":0.2333,"x":-11.03,"y":4.58},{"time":0.3,"x":9.39,"y":-0.54},{"time":0.5,"x":15.14,"y":-7.28,"curve":"stepped"},{"time":0.7333,"x":15.14,"y":-7.28},{"time":0.8,"x":-26.73,"y":0.14},{"time":1}]},"头":{"rotate":[{},{"time":0.1333,"angle":-7.85,"curve":"stepped"},{"time":0.7333,"angle":-7.85},{"time":0.8,"angle":-9.41},{"time":1}],"translate":[{},{"time":0.1333,"x":3.04,"y":-1.3},{"time":0.2333,"x":-3.94,"y":-0.67,"curve":"stepped"},{"time":0.7333,"x":-3.94,"y":-0.67},{"time":0.8,"x":-11.58,"y":-2.46},{"time":1}]},"左发":{"rotate":[{"time":0.2333},{"time":0.3,"angle":5.8},{"time":0.7333,"angle":-12.85},{"time":0.8,"angle":-15.14},{"time":0.9,"angle":13.33},{"time":1}]},"左发2":{"rotate":[{"time":0.2333},{"time":0.3,"angle":5.8},{"time":0.7333,"angle":-12.85},{"time":0.8,"angle":-15.14},{"time":0.9,"angle":13.33},{"time":1}]},"左臂":{"rotate":[{},{"time":0.2333,"angle":-4.09},{"time":0.7333,"angle":-103.02},{"time":0.8}]},"左臂2":{"rotate":[{},{"time":0.2333,"angle":-80.28},{"time":0.7333,"angle":-11.07},{"time":0.8}],"translate":[{"time":0.2333},{"time":0.5,"x":25.36,"y":-9.47},{"time":0.7333}],"scale":[{"time":0.2333},{"time":0.3,"x":1.57,"curve":"stepped"},{"time":0.5,"x":1.57},{"time":0.7333}]},"左臂3":{"rotate":[{"angle":-20.79},{"time":0.2333,"angle":-122.29},{"time":0.3,"angle":-117.24,"curve":"stepped"},{"time":0.5,"angle":-117.24},{"time":0.7333,"angle":-148.67},{"time":0.8,"angle":-107.29},{"time":1,"angle":-20.79}],"translate":[{"x":7.63,"y":4.24},{"time":0.2333,"x":70.7,"y":4.83},{"time":0.3,"x":216.12,"y":12.33},{"time":0.5,"x":240.77,"y":23.52},{"time":0.7333,"x":189.1,"y":-2.57},{"time":0.8,"x":49.04,"y":-11.73},{"time":1,"x":7.63,"y":4.24}]},"左腿3":{"rotate":[{},{"time":0.2333,"angle":-53.47},{"time":0.7333,"angle":-36.84},{"time":0.8}],"scale":[{"x":0.996}]},"左腿4":{"rotate":[{},{"time":0.2333,"angle":76.69},{"time":0.7333,"angle":58.02},{"time":0.8}],"scale":[{"time":0.7333},{"time":0.8,"x":0.672},{"time":1}]},"左腿5":{"translate":[{"time":0.2333},{"time":0.3,"y":-16.74},{"time":0.7333,"x":-6.68,"y":17.33},{"time":0.8}]},"左腿6":{"translate":[{"time":0.2333},{"time":0.3,"x":14.85,"y":0.92},{"time":0.7333,"x":-8.48,"y":-0.52},{"time":0.8}]},"图层 3":{"rotate":[{"angle":-78.21},{"time":0.2333,"angle":77.27},{"time":0.7333,"angle":96.27},{"time":0.8,"angle":-78.21}],"scale":[{"x":0.399,"y":0.749}]},"图层 4":{"rotate":[{"angle":-68.32},{"time":0.2333,"angle":-122.14},{"time":0.7333,"angle":-156.41},{"time":0.8,"angle":-68.32}]},"target2":{"rotate":[{"angle":-10.21}],"translate":[{"x":-98.94,"y":-3.19}]},"0333":{"translate":[{"x":-4.06,"y":1.09},{"time":0.1333,"x":-45.28,"y":0.4,"curve":"stepped"},{"time":0.2333,"x":-45.28,"y":0.4},{"time":0.3,"x":-3.89,"y":109.57},{"time":0.5,"x":-6.47,"y":171.46},{"time":0.7333,"x":-11.82,"y":101.98},{"time":0.8,"x":-4.06,"y":1.09}]},"左臂5":{"rotate":[{},{"time":0.2333,"angle":-2.6},{"time":0.7333,"angle":-67.23},{"time":0.8}]},"左臂4":{"rotate":[{},{"time":0.2333,"angle":18.37},{"time":0.7333,"angle":15.13},{"time":0.8}]},"图层 7":{"rotate":[{"angle":-68.32},{"time":0.2333,"angle":-82.1,"curve":"stepped"},{"time":0.7333,"angle":-82.1},{"time":0.8,"angle":-68.32}],"scale":[{"x":0.729}]},"图层 6":{"rotate":[{"angle":-78.21},{"time":0.2333,"angle":-75.92},{"time":0.7333,"angle":-1.27},{"time":0.8,"angle":-78.21}],"scale":[{"x":0.341}]},"左臂6":{"rotate":[{"angle":-8.01},{"time":0.2333,"angle":1.01},{"time":0.3,"angle":-17.23},{"time":0.5,"angle":-58.13},{"time":0.7333,"angle":-114.02},{"time":0.8,"angle":-65.92},{"time":0.8667,"angle":-4.1},{"time":1,"angle":-8.01}],"translate":[{"x":-0.15,"y":-7.12},{"time":0.2333,"x":-9.99,"y":-28.31},{"time":0.3,"x":-4.83,"y":-40.84},{"time":0.5,"x":36.19,"y":-4.22},{"time":0.7333,"x":84.78,"y":7.86},{"time":0.8,"x":22.19,"y":2.02},{"time":0.8667,"x":-15.18,"y":-23.56},{"time":1,"x":-0.15,"y":-7.12}]},"target3":{"rotate":[{"angle":-6.83}],"translate":[{"x":330.48,"y":-737.5}]},"左腿9":{"rotate":[{},{"time":0.2333,"angle":14.53},{"time":0.3},{"time":0.7333,"angle":20.46},{"time":0.8}],"scale":[{},{"time":0.1333,"x":0.894},{"time":0.2333,"x":0.813},{"time":0.3}]},"左腿8":{"rotate":[{},{"time":0.2333,"angle":-34.16},{"time":0.3},{"time":0.7333,"angle":-19.31},{"time":0.8}]},"左腿11":{"translate":[{"time":0.2333},{"time":0.3,"x":8.74,"y":0.13},{"time":0.5333,"x":-8.32,"y":-0.82},{"time":0.7333,"x":24.16,"y":-6.58},{"time":0.8}]},"左腿12":{"translate":[{"time":0.2333},{"time":0.3,"x":-9.63,"y":1.18},{"time":0.5333,"x":13.16,"y":1.39},{"time":0.7333,"x":-5.8,"y":3.37},{"time":0.8}]},"左腿10":{"translate":[{"y":1.84,"curve":"stepped"},{"time":0.2333,"y":1.84},{"time":0.3,"x":-2.62,"y":-12.78},{"time":0.5333,"x":2.01,"y":3.63},{"time":0.7333,"y":1.84}]},"333":{"rotate":[{"time":0.2333},{"time":0.3,"angle":-27.99,"curve":"stepped"},{"time":0.7333,"angle":-27.99},{"time":0.8}],"translate":[{"x":-10.5},{"time":0.1333,"x":30.61,"y":1.33,"curve":"stepped"},{"time":0.2333,"x":30.61,"y":1.33},{"time":0.3,"x":19.45,"y":135.14},{"time":0.5,"x":13.29,"y":181.38},{"time":0.7333,"x":13.95,"y":82.52},{"time":0.7667,"x":-6.55,"y":2.31},{"time":0.8,"x":-10.5}]},"左发5":{"rotate":[{"time":0.2333},{"time":0.3,"angle":5.8},{"time":0.7333,"angle":-12.85},{"time":0.8,"angle":-15.14},{"time":0.9,"angle":13.33},{"time":1}]},"左发4":{"rotate":[{"time":0.2333},{"time":0.3,"angle":5.8},{"time":0.7333,"angle":-12.85},{"time":0.8,"angle":-15.14},{"time":0.9,"angle":13.33},{"time":1}]}},"deform":{"default":{"左臂":{"左臂":[{"offset":34,"vertices":[-15.33176,16.54338,-20.95697,9.65837,-20.9563,-5.04829,-14.97272,-12.20493]}]},"左臂2":{"左臂":[{"offset":34,"vertices":[-8.31464,13.63277,-16.46796,8.90646,-27.00397,-3.82041,-21.04294,-8.51076,-14.43372,-9.51941,-8.64944,-14.97077]}]}}}},"tiao":{"slots":{"男拳":{"color":[{"color":"ffffff00"}]},"男拳2":{"color":[{"color":"ffffff00"}]}},"bones":{"身体":{"translate":[{"y":-5.12},{"time":0.1,"y":-26.93},{"time":0.1667,"y":3.43},{"time":0.2667,"y":45.15},{"time":0.4,"y":3.43},{"time":0.5,"y":-5.12},{"time":0.6,"y":-26.93},{"time":0.6667,"y":3.43},{"time":0.7667,"y":45.15},{"time":0.9,"y":3.43},{"time":1,"y":-5.12}],"scale":[{"y":0.971},{"time":0.2667,"y":1.052},{"time":0.5,"y":0.971},{"time":0.7667,"y":1.052},{"time":1,"y":0.971}]},"身体3":{"translate":[{},{"time":0.1,"x":-18.73,"y":0.1},{"time":0.1667,"x":0.55},{"time":0.2667,"x":6.94,"y":-0.04},{"time":0.4,"x":0.55},{"time":0.5},{"time":0.6,"x":-18.73,"y":0.1},{"time":0.6667,"x":0.55},{"time":0.7667,"x":6.94,"y":-0.04},{"time":0.9,"x":0.55},{"time":1}]},"左发":{"rotate":[{},{"time":0.1,"angle":-5},{"time":0.2667,"angle":5.37},{"time":0.5},{"time":0.6,"angle":-5},{"time":0.7667,"angle":5.37},{"time":1}]},"左发2":{"rotate":[{},{"time":0.1,"angle":-5},{"time":0.2667,"angle":5.37},{"time":0.5},{"time":0.6,"angle":-5},{"time":0.7667,"angle":5.37},{"time":1}]},"左臂":{"rotate":[{},{"time":0.1,"angle":-44.14},{"time":0.1667,"angle":-12.21,"curve":"stepped"},{"time":0.4,"angle":-12.21},{"time":0.5},{"time":0.6,"angle":-44.14},{"time":0.6667,"angle":-12.21,"curve":"stepped"},{"time":0.9,"angle":-12.21},{"time":1}]},"左臂2":{"rotate":[{},{"time":0.1,"angle":-24.79},{"time":0.1667,"angle":-1.3,"curve":"stepped"},{"time":0.4,"angle":-1.3},{"time":0.5},{"time":0.6,"angle":-24.79},{"time":0.6667,"angle":-1.3,"curve":"stepped"},{"time":0.9,"angle":-1.3},{"time":1}]},"左臂3":{"rotate":[{"angle":-61.21},{"time":0.1333,"angle":-24.22},{"time":0.2667,"angle":12.34},{"time":0.5,"angle":-61.21},{"time":0.6333,"angle":-24.22},{"time":0.7667,"angle":12.34},{"time":1,"angle":-61.21}],"translate":[{"x":97.04,"y":41.12},{"time":0.2667,"x":18.04,"y":19.09},{"time":0.5,"x":97.04,"y":41.12},{"time":0.7667,"x":18.04,"y":19.09},{"time":1,"x":97.04,"y":41.12}]},"左腿3":{"rotate":[{},{"time":0.1,"angle":-18.62},{"time":0.1667,"angle":-4.69},{"time":0.4,"curve":"stepped"},{"time":0.5},{"time":0.6,"angle":-18.62},{"time":0.6667,"angle":-4.69},{"time":0.9}],"scale":[{"x":0.996},{"time":0.1,"x":0.941},{"time":0.1667,"x":0.97},{"time":0.2667,"x":0.986},{"time":0.4,"x":0.983},{"time":0.5,"x":0.996},{"time":0.6,"x":0.941},{"time":0.6667,"x":0.97},{"time":0.7667,"x":0.986},{"time":0.9,"x":0.983},{"time":1,"x":0.996}]},"左腿4":{"rotate":[{},{"time":0.1,"angle":34.65},{"time":0.1667,"angle":11.11,"curve":"stepped"},{"time":0.4,"angle":11.11},{"time":0.5},{"time":0.6,"angle":34.65},{"time":0.6667,"angle":11.11,"curve":"stepped"},{"time":0.9,"angle":11.11},{"time":1}],"scale":[{},{"time":0.1,"x":0.797,"curve":"stepped"},{"time":0.4,"x":0.797},{"time":0.5},{"time":0.6,"x":0.797,"curve":"stepped"},{"time":0.9,"x":0.797},{"time":1}]},"左腿5":{"rotate":[{"time":0.1667},{"time":0.2667,"angle":5.59},{"time":0.4,"curve":"stepped"},{"time":0.6667},{"time":0.7667,"angle":5.59},{"time":0.9}],"translate":[{"time":0.1},{"time":0.1667,"y":-16.38},{"time":0.2667,"x":0.41,"y":-19.66},{"time":0.4,"y":-16.38},{"time":0.5,"curve":"stepped"},{"time":0.6},{"time":0.6667,"y":-16.38},{"time":0.7667,"x":0.41,"y":-19.66},{"time":0.9,"y":-16.38},{"time":1}]},"左腿6":{"translate":[{"time":0.1},{"time":0.1667,"x":10.22,"y":0.63},{"time":0.2667,"x":13.49,"y":0.83},{"time":0.4,"x":10.22,"y":0.63},{"time":0.5,"curve":"stepped"},{"time":0.6},{"time":0.6667,"x":10.22,"y":0.63},{"time":0.7667,"x":13.49,"y":0.83},{"time":0.9,"x":10.22,"y":0.63},{"time":1}]},"图层 2":{"rotate":[{"time":0.1667},{"time":0.2667,"angle":40.08},{"time":0.5,"curve":"stepped"},{"time":0.6667},{"time":0.7667,"angle":40.08},{"time":1}],"scale":[{"time":0.1667},{"time":0.2667,"y":-0.815},{"time":0.3667,"y":-0.339},{"time":0.5,"curve":"stepped"},{"time":0.6667},{"time":0.7667,"y":-0.815},{"time":0.8667,"y":-0.339},{"time":1}]},"图层 3":{"rotate":[{"angle":-78.21},{"time":0.1,"angle":-46.68},{"time":0.1667,"angle":-53.66},{"time":0.5,"angle":-78.21},{"time":0.6,"angle":-46.68},{"time":0.6667,"angle":-53.66},{"time":1,"angle":-78.21}],"scale":[{"x":0.399,"y":0.749},{"time":0.1,"x":0.724},{"time":0.1667,"x":0.263},{"time":0.2,"x":0.228},{"time":0.2333,"x":1.939},{"time":0.2667,"x":0.901},{"time":0.3,"x":0.974,"y":0.987},{"time":0.3333,"x":1.021,"y":0.989},{"time":0.3667,"x":0.965,"y":0.991},{"time":0.5,"x":0.399,"y":0.749},{"time":0.6,"x":0.724},{"time":0.6667,"x":0.263},{"time":0.7,"x":0.228},{"time":0.7333,"x":1.939},{"time":0.7667,"x":0.901},{"time":0.8,"x":0.974,"y":0.987},{"time":0.8333,"x":1.021,"y":0.989},{"time":0.8667,"x":0.965,"y":0.991},{"time":1,"x":0.399,"y":0.749}]},"图层 4":{"rotate":[{"angle":-68.32},{"time":0.1,"angle":-58.27},{"time":0.1667,"angle":-118.18},{"time":0.5,"angle":-68.32},{"time":0.6,"angle":-58.27},{"time":0.6667,"angle":-118.18},{"time":1,"angle":-68.32}],"scale":[{},{"time":0.1,"x":0.949},{"time":0.1667,"x":0.877},{"time":0.2333,"x":1.439},{"time":0.2667,"x":0.892},{"time":0.5},{"time":0.6,"x":0.949},{"time":0.6667,"x":0.877},{"time":0.7333,"x":1.439},{"time":0.7667,"x":0.892},{"time":1}]},"target2":{"rotate":[{"angle":-10.21},{"time":0.1,"angle":-13.23},{"time":0.1667,"angle":-5.09},{"time":0.2667,"angle":0.59},{"time":0.3667,"angle":10.64},{"time":0.5,"angle":-10.21},{"time":0.6,"angle":-13.23},{"time":0.6667,"angle":-5.09},{"time":0.7667,"angle":0.59},{"time":0.8667,"angle":10.64},{"time":1,"angle":-10.21}],"translate":[{"x":-98.94,"y":-3.19},{"time":0.1,"x":9.72,"y":-0.62},{"time":0.1667,"x":-262.14,"y":-1.88},{"time":0.2667,"x":-720.69,"y":-12.96},{"time":0.3667,"x":-455.17,"y":-8.19},{"time":0.5,"x":-98.94,"y":-3.19},{"time":0.6,"x":9.72,"y":-0.62},{"time":0.6667,"x":-262.14,"y":-1.88},{"time":0.7667,"x":-720.69,"y":-12.96},{"time":0.8667,"x":-455.17,"y":-8.19},{"time":1,"x":-98.94,"y":-3.19}],"scale":[{"time":0.1667},{"time":0.2667,"y":-0.965},{"time":0.3667,"y":-0.419},{"time":0.5,"curve":"stepped"},{"time":0.6667},{"time":0.7667,"y":-0.965},{"time":0.8667,"y":-0.419},{"time":1}]},"0333":{"translate":[{"x":-4.06,"y":1.09,"curve":"stepped"},{"time":0.1,"x":-4.06,"y":1.09},{"time":0.1667,"x":-0.47,"y":23.26},{"time":0.2667,"x":-0.47,"y":57.79},{"time":0.4,"x":-0.47,"y":23.26},{"time":0.5,"x":-4.06,"y":1.09,"curve":"stepped"},{"time":0.6,"x":-4.06,"y":1.09},{"time":0.6667,"x":-0.47,"y":23.26},{"time":0.7667,"x":-0.47,"y":57.79},{"time":0.9,"x":-0.47,"y":23.26},{"time":1,"x":-4.06,"y":1.09}]},"左臂5":{"rotate":[{},{"time":0.1,"angle":-24.79},{"time":0.1667,"angle":-1.3,"curve":"stepped"},{"time":0.4,"angle":-1.3},{"time":0.5},{"time":0.6,"angle":-24.79},{"time":0.6667,"angle":-1.3,"curve":"stepped"},{"time":0.9,"angle":-1.3},{"time":1}]},"左臂4":{"rotate":[{},{"time":0.1,"angle":-44.14},{"time":0.1667,"angle":-12.21,"curve":"stepped"},{"time":0.4,"angle":-12.21},{"time":0.5},{"time":0.6,"angle":-44.14},{"time":0.6667,"angle":-12.21,"curve":"stepped"},{"time":0.9,"angle":-12.21},{"time":1}]},"图层 7":{"rotate":[{"angle":-68.32},{"time":0.1,"angle":-58.27},{"time":0.1667,"angle":-118.18},{"time":0.5,"angle":-68.32},{"time":0.6,"angle":-58.27},{"time":0.6667,"angle":-118.18},{"time":1,"angle":-68.32}],"scale":[{"x":0.729},{"time":0.1,"x":0.908},{"time":0.1667,"x":0.877},{"time":0.2333,"x":1.439},{"time":0.2667,"x":0.855},{"time":0.5,"x":0.729},{"time":0.6,"x":0.908},{"time":0.6667,"x":0.877},{"time":0.7333,"x":1.439},{"time":0.7667,"x":0.855},{"time":1,"x":0.729}]},"图层 6":{"rotate":[{"angle":-78.21},{"time":0.1,"angle":-46.68},{"time":0.1667,"angle":-53.66},{"time":0.5,"angle":-78.21},{"time":0.6,"angle":-46.68},{"time":0.6667,"angle":-53.66},{"time":1,"angle":-78.21}],"scale":[{"x":0.341},{"time":0.1,"x":0.724},{"time":0.1667,"x":0.263},{"time":0.2,"x":0.228},{"time":0.2333,"x":1.939},{"time":0.2667,"x":0.901},{"time":0.3,"x":0.974,"y":0.987},{"time":0.3333,"x":1.014,"y":0.989},{"time":0.3667,"x":0.965,"y":0.991},{"time":0.5,"x":0.341},{"time":0.6,"x":0.724},{"time":0.6667,"x":0.263},{"time":0.7,"x":0.228},{"time":0.7333,"x":1.939},{"time":0.7667,"x":0.901},{"time":0.8,"x":0.974,"y":0.987},{"time":0.8333,"x":1.014,"y":0.989},{"time":0.8667,"x":0.965,"y":0.991},{"time":1,"x":0.341}]},"图层 5":{"rotate":[{"time":0.1667},{"time":0.2667,"angle":40.08},{"time":0.5,"curve":"stepped"},{"time":0.6667},{"time":0.7667,"angle":40.08},{"time":1}],"scale":[{"time":0.1667},{"time":0.2667,"y":-0.815},{"time":0.3667,"y":-0.339},{"time":0.5,"curve":"stepped"},{"time":0.6667},{"time":0.7667,"y":-0.815},{"time":0.8667,"y":-0.339},{"time":1}]},"左臂6":{"rotate":[{"angle":-72.25},{"time":0.1333,"angle":-30.13},{"time":0.2667,"angle":11.55},{"time":0.5,"angle":-72.25},{"time":0.6333,"angle":-30.13},{"time":0.7667,"angle":11.55},{"time":1,"angle":-72.25}],"translate":[{"x":97.04,"y":41.12},{"time":0.2667,"x":18.04,"y":19.09},{"time":0.5,"x":97.04,"y":41.12},{"time":0.7667,"x":18.04,"y":19.09},{"time":1,"x":97.04,"y":41.12}]},"target3":{"rotate":[{"angle":-6.83},{"time":0.1,"angle":-12.8},{"time":0.1667,"angle":-0.38},{"time":0.2667,"angle":0.59},{"time":0.3667,"angle":10.64},{"time":0.5,"angle":-6.83},{"time":0.6,"angle":-12.8},{"time":0.6667,"angle":-0.38},{"time":0.7667,"angle":0.59},{"time":0.8667,"angle":10.64},{"time":1,"angle":-6.83}],"translate":[{"x":330.48,"y":-737.5},{"time":0.1,"x":439.51,"y":-740.41},{"time":0.1667,"x":167.18,"y":-737.12},{"time":0.2667,"x":-290.91,"y":-726.6},{"time":0.3667,"x":-24.77,"y":-739.56},{"time":0.5,"x":330.48,"y":-737.5},{"time":0.6,"x":439.51,"y":-740.41},{"time":0.6667,"x":167.18,"y":-737.12},{"time":0.7667,"x":-290.91,"y":-726.6},{"time":0.8667,"x":-24.77,"y":-739.56},{"time":1,"x":330.48,"y":-737.5}],"scale":[{"time":0.1667},{"time":0.2667,"y":-0.965},{"time":0.3667,"y":-0.419},{"time":0.5,"curve":"stepped"},{"time":0.6667},{"time":0.7667,"y":-0.965},{"time":0.8667,"y":-0.419},{"time":1}]},"左腿9":{"rotate":[{},{"time":0.1,"angle":34.65},{"time":0.1667,"angle":11.11,"curve":"stepped"},{"time":0.4,"angle":11.11},{"time":0.5},{"time":0.6,"angle":34.65},{"time":0.6667,"angle":11.11,"curve":"stepped"},{"time":0.9,"angle":11.11},{"time":1}],"scale":[{},{"time":0.1,"x":0.797,"curve":"stepped"},{"time":0.4,"x":0.797},{"time":0.5},{"time":0.6,"x":0.797,"curve":"stepped"},{"time":0.9,"x":0.797},{"time":1}]},"左腿8":{"rotate":[{},{"time":0.1,"angle":-18.62},{"time":0.1667,"angle":-4.69,"curve":"stepped"},{"time":0.4,"angle":-4.69},{"time":0.5},{"time":0.6,"angle":-18.62},{"time":0.6667,"angle":-4.69,"curve":"stepped"},{"time":0.9,"angle":-4.69},{"time":1}],"scale":[{},{"time":0.1,"x":0.941},{"time":0.1667,"x":0.976},{"time":0.2667,"x":0.995},{"time":0.4,"curve":"stepped"},{"time":0.5},{"time":0.6,"x":0.941},{"time":0.6667,"x":0.976},{"time":0.7667,"x":0.995},{"time":0.9}]},"左腿11":{"translate":[{"time":0.1},{"time":0.1667,"x":10.22,"y":0.63},{"time":0.2667,"x":13.49,"y":0.83},{"time":0.4,"x":10.22,"y":0.63},{"time":0.5,"curve":"stepped"},{"time":0.6},{"time":0.6667,"x":10.22,"y":0.63},{"time":0.7667,"x":13.49,"y":0.83},{"time":0.9,"x":10.22,"y":0.63},{"time":1}]},"左腿10":{"rotate":[{"time":0.1667},{"time":0.2667,"angle":3.58},{"time":0.4,"curve":"stepped"},{"time":0.6667},{"time":0.7667,"angle":3.58},{"time":0.9}],"translate":[{"y":1.84},{"time":0.1,"y":2.76},{"time":0.1667,"y":-9.02},{"time":0.2667,"x":0.41,"y":-12.29},{"time":0.4,"y":-9.02},{"time":0.5,"y":1.84},{"time":0.6,"y":2.76},{"time":0.6667,"y":-9.02},{"time":0.7667,"x":0.41,"y":-12.29},{"time":0.9,"y":-9.02},{"time":1,"y":1.84}]},"333":{"translate":[{"x":-10.5,"curve":"stepped"},{"time":0.1,"x":-10.5},{"time":0.1667,"x":-6.92,"y":22.17},{"time":0.2667,"x":-6.92,"y":56.7},{"time":0.4,"x":-6.92,"y":22.17},{"time":0.5,"x":-10.5,"curve":"stepped"},{"time":0.6,"x":-10.5},{"time":0.6667,"x":-6.92,"y":22.17},{"time":0.7667,"x":-6.92,"y":56.7},{"time":0.9,"x":-6.92,"y":22.17},{"time":1,"x":-10.5}]},"左发5":{"rotate":[{},{"time":0.1,"angle":-5},{"time":0.2667,"angle":5.37},{"time":0.5},{"time":0.6,"angle":-5},{"time":0.7667,"angle":5.37},{"time":1}]},"左发4":{"rotate":[{},{"time":0.1,"angle":-5},{"time":0.2667,"angle":5.37},{"time":0.5},{"time":0.6,"angle":-5},{"time":0.7667,"angle":5.37},{"time":1}]}},"drawOrder":[{"time":0.2667,"offsets":[{"slot":"图层 2","offset":-8},{"slot":"图层 3","offset":-8}]},{"time":0.4},{"time":0.7667,"offsets":[{"slot":"图层 2","offset":-8},{"slot":"图层 3","offset":-8}]},{"time":0.9}]}}}