{
  "__type__": "cc.AnimationClip",
  "_name": "huxi12",
  "_objFlags": 0,
  "_native": "",
  "_duration": 1,
  "sample": 10,
  "speed": 1,
  "wrapMode": 2,
  "curveData": {
    "props": {
      "scale": [
        {
          "frame": 0,
          "value": {
            "__type__": "cc.Vec2",
            "x": 1,
            "y": 1
          }
        },
        {
          "frame": 0.5,
          "value": {
            "__type__": "cc.Vec2",
            "x": 1.2,
            "y": 1.2
          }
        },
        {
          "frame": 1,
          "value": {
            "__type__": "cc.Vec2",
            "x": 1,
            "y": 1
          }
        }
      ]
    }
  },
  "events": []
}