{
  "platform": "android",
  "actualPlatform": "android",
  "template": "link",
  "buildPath": "./build",
  "debug": false,
  "sourceMaps": false,
  "embedWebDebugger": false,
  "previewWidth": "1280",
  "previewHeight": "720",
  "useDebugKeystore": true,
  "keystorePath": "",
  "keystorePassword": "",
  "keystoreAlias": "",
  "keystoreAliasPassword": "",
  "apiLevel": "android-30",
  "appABIs": [
    "arm64-v8a",
    "armeabi-v7a",
    "x86_64"
  ],
  "vsVersion": "auto",
  "buildScriptsOnly": false
}
