{
  "version": "1.1.1",
  "windows": {
    "main": {
      "main": true,
      "url": "app://editor/index.html",
      "windowType": "dockable",
      "x": 0,
      "y": 0,
      "width": 1920,
      "height": 1040,
      "layout": {
        "type": "dock-h",
        "children": [
          {
            "width": 451,
            "height": 921.5,
            "type": "dock-v",
            "children": [
              {
                "width": 451,
                "height": 310.828125,
                "type": "panel",
                "active": 0,
                "children": [
                  "hierarchy"
                ]
              },
              {
                "width": 451,
                "height": 607.671875,
                "type": "panel",
                "active": 0,
                "children": [
                  "assets"
                ]
              }
            ]
          },
          {
            "width": 807,
            "height": 921.5,
            "type": "dock-v",
            "children": [
              {
                "width": 807,
                "height": 585.3125,
                "type": "dock-h",
                "children": [
                  {
                    "width": 359,
                    "height": 585.3125,
                    "type": "panel",
                    "active": 0,
                    "children": [
                      "scene"
                    ]
                  },
                  {
                    "width": 445,
                    "height": 585.3125,
                    "type": "panel",
                    "active": 0,
                    "children": [
                      "node-library"
                    ]
                  }
                ]
              },
              {
                "width": 807,
                "height": 333.1875,
                "type": "panel",
                "active": 0,
                "children": [
                  "console",
                  "timeline",
                  "game-window"
                ]
              }
            ]
          },
          {
            "width": 640,
            "height": 921.5,
            "type": "panel",
            "active": 0,
            "children": [
              "inspector",
              "cocos-services"
            ]
          }
        ]
      },
      "panels": [
        "hierarchy",
        "assets",
        "scene",
        "node-library",
        "console",
        "timeline",
        "game-window",
        "inspector",
        "cocos-services"
      ]
    }
  },
  "panels": {
    "builder": {
      "x": 565,
      "y": 124,
      "width": 500,
      "height": 728
    },
    "preferences": {
      "x": 562,
      "y": 247,
      "width": 600,
      "height": 565
    },
    "project-settings": {
      "x": 672,
      "y": 240,
      "width": 600,
      "height": 565
    },
    "sprite-editor": {
      "x": 702,
      "y": 240,
      "width": 516,
      "height": 539
    }
  },
  "panelLabelWidth": {}
}
