{
  "__type__": "cc.BitmapFont",
  "_name": "font",
  "_objFlags": 0,
  "_native": "",
  "fntDataStr": "",
  "spriteFrame": {
    "__uuid__": "d31041e7-9284-4c7f-89e8-ef6a9f2dd7c1"
  },
  "fontSize": 32,
  "_fntConfig": {
    "commonHeight": 32,
    "fontSize": 32,
    "atlasName": "font_0.png",
    "fontDefDictionary": {
      "48": {
        "rect": {
          "x": 584,
          "y": 0,
          "width": 169,
          "height": 290
        },
        "xOffset": 0,
        "yOffset": 0,
        "xAdvance": 169
      },
      "49": {
        "rect": {
          "x": 627,
          "y": 291,
          "width": 111,
          "height": 285
        },
        "xOffset": 0,
        "yOffset": 0,
        "xAdvance": 111
      },
      "50": {
        "rect": {
          "x": 337,
          "y": 291,
          "width": 162,
          "height": 285
        },
        "xOffset": 0,
        "yOffset": 0,
        "xAdvance": 162
      },
      "51": {
        "rect": {
          "x": 0,
          "y": 319,
          "width": 168,
          "height": 290
        },
        "xOffset": 0,
        "yOffset": 0,
        "xAdvance": 168
      },
      "52": {
        "rect": {
          "x": 169,
          "y": 291,
          "width": 167,
          "height": 285
        },
        "xOffset": 0,
        "yOffset": 0,
        "xAdvance": 167
      },
      "53": {
        "rect": {
          "x": 241,
          "y": 0,
          "width": 171,
          "height": 290
        },
        "xOffset": 0,
        "yOffset": 0,
        "xAdvance": 171
      },
      "54": {
        "rect": {
          "x": 413,
          "y": 0,
          "width": 170,
          "height": 290
        },
        "xOffset": 0,
        "yOffset": 0,
        "xAdvance": 170
      },
      "55": {
        "rect": {
          "x": 500,
          "y": 291,
          "width": 126,
          "height": 285
        },
        "xOffset": 0,
        "yOffset": 0,
        "xAdvance": 126
      },
      "56": {
        "rect": {
          "x": 754,
          "y": 0,
          "width": 169,
          "height": 290
        },
        "xOffset": 0,
        "yOffset": 0,
        "xAdvance": 169
      },
      "57": {
        "rect": {
          "x": 68,
          "y": 0,
          "width": 172,
          "height": 290
        },
        "xOffset": 0,
        "yOffset": 0,
        "xAdvance": 172
      },
      "58": {
        "rect": {
          "x": 0,
          "y": 0,
          "width": 67,
          "height": 318
        },
        "xOffset": 0,
        "yOffset": 0,
        "xAdvance": 67
      }
    },
    "kerningDict": {}
  },
  "_fontDefDictionary": null
}