{
  "__type__": "cc.AnimationClip",
  "_name": "three",
  "_objFlags": 0,
  "_native": "",
  "_duration": 4,
  "sample": 10,
  "speed": 1,
  "wrapMode": 1,
  "curveData": {
    "props": {
      "scale": []
    },
    "paths": {
      "go": {
        "props": {
          "scale": [
            {
              "frame": 3,
              "value": {
                "__type__": "cc.Vec2",
                "x": 0,
                "y": 0
              }
            },
            {
              "frame": 4,
              "value": {
                "__type__": "cc.Vec2",
                "x": 1,
                "y": 1
              }
            }
          ]
        }
      },
      "one": {
        "props": {
          "scale": [
            {
              "frame": 2,
              "value": {
                "__type__": "cc.Vec2",
                "x": 0,
                "y": 0
              }
            },
            {
              "frame": 3,
              "value": {
                "__type__": "cc.Vec2",
                "x": 1,
                "y": 1
              }
            },
            {
              "frame": 3.1,
              "value": {
                "__type__": "cc.Vec2",
                "x": 0,
                "y": 0
              }
            }
          ]
        }
      },
      "two": {
        "props": {
          "scale": [
            {
              "frame": 1,
              "value": {
                "__type__": "cc.Vec2",
                "x": 0,
                "y": 0
              }
            },
            {
              "frame": 2,
              "value": {
                "__type__": "cc.Vec2",
                "x": 1,
                "y": 1
              }
            },
            {
              "frame": 2.1,
              "value": {
                "__type__": "cc.Vec2",
                "x": 0,
                "y": 0
              }
            }
          ]
        }
      },
      "three": {
        "props": {
          "scale": [
            {
              "frame": 0,
              "value": {
                "__type__": "cc.Vec2",
                "x": 0,
                "y": 0
              }
            },
            {
              "frame": 1,
              "value": {
                "__type__": "cc.Vec2",
                "x": 1,
                "y": 1
              }
            },
            {
              "frame": 1.1,
              "value": {
                "__type__": "cc.Vec2",
                "x": 0,
                "y": 0
              }
            }
          ]
        }
      }
    }
  },
  "events": []
}