{
  "__type__": "cc.AnimationClip",
  "_name": "fadeinbaoji",
  "_objFlags": 0,
  "_native": "",
  "_duration": 1.2,
  "sample": 100,
  "speed": 1,
  "wrapMode": 1,
  "curveData": {
    "props": {
      "opacity": [
        {
          "frame": 0,
          "value": 0
        },
        {
          "frame": 0.6,
          "value": 255
        },
        {
          "frame": 1.2,
          "value": 0
        }
      ],
      "y": [
        {
          "frame": 0,
          "value": -109.908
        },
        {
          "frame": 0.6,
          "value": -91.751
        }
      ]
    }
  },
  "events": []
}