{
  "__type__": "cc.AnimationClip",
  "_name": "addnoe",
  "_objFlags": 0,
  "_native": "",
  "_duration": 0.75,
  "sample": 20,
  "speed": 1,
  "wrapMode": 1,
  "curveData": {
    "props": {
      "y": [
        {
          "frame": 0,
          "value": 0
        },
        {
          "frame": 0.25,
          "value": 160
        },
        {
          "frame": 0.5,
          "value": 100
        },
        {
          "frame": 0.75,
          "value": 0
        }
      ],
      "opacity": [
        {
          "frame": 0,
          "value": 255
        },
        {
          "frame": 0.4,
          "value": 255
        },
        {
          "frame": 0.75,
          "value": 0
        }
      ],
      "x": [
        {
          "frame": 0,
          "value": 0
        },
        {
          "frame": 0.25,
          "value": 80
        },
        {
          "frame": 0.5,
          "value": 120
        },
        {
          "frame": 0.75,
          "value": 180
        }
      ],
      "scale": [
        {
          "frame": 0,
          "value": {
            "__type__": "cc.Vec2",
            "x": 0,
            "y": 0
          }
        },
        {
          "frame": 0.25,
          "value": {
            "__type__": "cc.Vec2",
            "x": 1,
            "y": 1
          }
        },
        {
          "frame": 0.75,
          "value": {
            "__type__": "cc.Vec2",
            "x": 1,
            "y": 1
          }
        }
      ]
    }
  },
  "events": []
}