{
  "__type__": "cc.AnimationClip",
  "_name": "za",
  "_objFlags": 0,
  "_native": "",
  "_duration": 1.2083333333333333,
  "sample": 48,
  "speed": 1,
  "wrapMode": 1,
  "curveData": {
    "props": {
      "scale": [
        {
          "frame": 0,
          "value": {
            "__type__": "cc.Vec2",
            "x": 3,
            "y": 3
          }
        },
        {
          "frame": 0.20833333333333334,
          "value": {
            "__type__": "cc.Vec2",
            "x": 1,
            "y": 1
          }
        },
        {
          "frame": 1.2083333333333333,
          "value": {
            "__type__": "cc.Vec2",
            "x": 0.999,
            "y": 0.999
          }
        }
      ]
    }
  },
  "events": []
}